date,open,high,low,close,volume,count,capital,ID,name,market
2012-06-29,24.15,32.5,23.9,32.5,5900000,3019,163677350,3675,德微,otc
2012-07-02,32.5,36.3,28.3,32.5,1916000,1054,62363750,3675,德微,otc
2012-07-03,30.2,31.5,28.5,28.5,1117000,739,32833650,3675,德微,otc
2012-07-04,28.5,29.4,28.5,28.5,549000,403,15839650,3675,德微,otc
2012-07-05,28.7,29.2,26.6,26.6,679000,436,18799950,3675,德微,otc
2012-07-06,26.6,26.95,24.75,25.2,1040000,558,26442300,3675,德微,otc
2012-07-09,25.0,26.8,24.85,25.9,482000,350,12585000,3675,德微,otc
2012-07-10,25.8,26.2,24.8,24.9,466000,293,11777550,3675,德微,otc
2012-07-11,24.5,25.8,24.5,25.0,413000,241,10420050,3675,德微,otc
2012-07-12,25.2,25.7,24.8,25.1,295000,192,7461000,3675,德微,otc
2012-07-13,25.2,25.2,24.5,25.1,426000,258,10611050,3675,德微,otc
2012-07-16,25.1,25.2,24.9,25.0,299000,188,7475300,3675,德微,otc
2012-07-17,25.1,25.15,24.9,25.05,180000,121,4506250,3675,德微,otc
2012-07-18,25.0,25.1,24.9,25.0,199000,95,4973350,3675,德微,otc
2012-07-19,25.15,26.75,25.15,26.75,661000,302,17552350,3675,德微,otc
2012-07-20,26.5,26.7,25.0,25.0,524000,342,13568850,3675,德微,otc
2012-07-23,25.0,25.0,23.25,24.5,620000,420,14995050,3675,德微,otc
2012-07-24,24.7,24.7,24.2,24.5,173000,101,4234450,3675,德微,otc
2012-07-25,24.5,25.3,24.5,24.9,222000,137,5515700,3675,德微,otc
2012-07-26,25.0,26.4,25.0,26.2,406000,229,10502350,3675,德微,otc
2012-07-27,26.45,28.0,26.1,28.0,918000,439,25023550,3675,德微,otc
2012-07-30,28.25,29.8,27.5,28.7,1285000,593,36916800,3675,德微,otc
2012-07-31,28.4,29.25,27.4,29.25,892000,426,25066950,3675,德微,otc
2012-08-01,28.95,29.4,28.3,28.65,1180000,661,34268500,3675,德微,otc
2012-08-03,28.05,28.3,27.55,27.75,273000,181,7599950,3675,德微,otc
2012-08-06,27.9,28.0,26.1,26.1,332000,227,8907150,3675,德微,otc
2012-08-07,26.1,26.85,26.0,26.1,222000,149,5857600,3675,德微,otc
2012-08-08,26.0,26.55,25.1,25.5,408000,271,10460000,3675,德微,otc
2012-08-09,25.0,26.6,25.0,26.35,286000,192,7396700,3675,德微,otc
2012-08-10,26.15,26.5,25.55,25.6,249000,156,6471350,3675,德微,otc
2012-08-13,25.75,27.35,25.75,27.1,392000,257,10480600,3675,德微,otc
2012-08-14,26.7,27.55,26.7,27.0,307000,203,8322150,3675,德微,otc
2012-08-15,27.0,28.7,27.0,28.3,496000,320,13856950,3675,德微,otc
2012-08-16,28.3,28.3,27.6,27.9,293000,192,8223150,3675,德微,otc
2012-08-17,28.25,29.85,27.65,29.85,1410000,596,41713700,3675,德微,otc
2012-08-20,30.6,31.9,30.45,31.9,1971000,1019,62041650,3675,德微,otc
2012-08-21,32.3,34.1,30.65,34.1,2036000,949,67592700,3675,德微,otc
2012-08-22,35.0,36.45,35.0,36.45,905000,339,32634650,3675,德微,otc
2012-08-23,39.0,39.0,34.5,35.0,2918000,1309,106516900,3675,德微,otc
2012-08-24,35.0,36.45,34.7,35.0,1206000,642,42630050,3675,德微,otc
2012-08-27,35.0,36.4,34.7,34.95,999000,524,35374050,3675,德微,otc
2012-08-28,35.8,35.8,34.7,35.6,878000,438,30717700,3675,德微,otc
2012-08-29,36.1,38.05,36.1,36.8,976000,585,36459450,3675,德微,otc
2012-08-30,35.5,36.0,34.9,34.95,824000,467,28953500,3675,德微,otc
2012-08-31,35.0,36.2,35.0,35.5,620000,340,22094650,3675,德微,otc
2012-09-03,35.9,36.3,33.05,33.05,700000,423,23886300,3675,德微,otc
2012-09-04,32.4,32.4,30.75,30.85,582000,421,18159350,3675,德微,otc
2012-09-05,30.55,31.75,30.2,30.4,253000,199,7845800,3675,德微,otc
2012-09-06,30.5,30.5,28.3,28.5,493000,358,14324850,3675,德微,otc
2012-09-07,28.5,29.3,28.0,28.5,238000,165,6799150,3675,德微,otc
2012-09-10,28.1,28.9,28.1,28.4,136000,101,3883350,3675,德微,otc
2012-09-11,28.4,29.3,28.4,29.1,182000,139,5287100,3675,德微,otc
2012-09-12,29.4,30.85,29.4,30.45,334000,252,10100850,3675,德微,otc
2012-09-13,30.4,30.4,29.15,29.5,169000,134,5020850,3675,德微,otc
2012-09-14,29.5,30.0,28.85,28.85,272000,175,7966400,3675,德微,otc
2012-09-17,28.85,28.85,27.6,27.6,259000,183,7219500,3675,德微,otc
2012-09-18,27.7,27.7,27.0,27.0,207000,140,5630300,3675,德微,otc
2012-09-19,27.0,27.95,27.0,27.9,144000,113,3976400,3675,德微,otc
2012-09-20,28.0,28.0,27.5,27.55,101000,69,2806350,3675,德微,otc
2012-09-21,27.4,27.5,26.8,26.9,171000,122,4616900,3675,德微,otc
2012-09-24,27.6,27.65,26.7,27.4,144000,91,3949250,3675,德微,otc
2012-09-25,27.4,27.5,27.0,27.0,64000,50,1739300,3675,德微,otc
2012-09-26,27.3,27.95,26.75,27.35,169000,119,4648450,3675,德微,otc
2012-09-27,27.4,27.9,27.0,27.1,110000,71,3018150,3675,德微,otc
2012-09-28,27.2,27.5,27.05,27.05,109000,58,2958650,3675,德微,otc
2012-10-01,27.5,27.5,26.2,26.2,105000,75,2799350,3675,德微,otc
2012-10-02,26.5,26.8,26.2,26.25,113000,82,2985400,3675,德微,otc
2012-10-03,26.25,26.25,25.65,25.7,121000,80,3126600,3675,德微,otc
2012-10-04,25.7,25.7,25.2,25.2,89000,56,2256400,3675,德微,otc
2012-10-05,25.5,25.5,25.1,25.25,74000,46,1869300,3675,德微,otc
2012-10-08,25.15,25.25,24.5,24.5,137000,88,3381200,3675,德微,otc
2012-10-09,24.55,24.55,24.0,24.0,97000,66,2341450,3675,德微,otc
2012-10-11,23.8,23.8,23.05,23.05,99000,73,2302200,3675,德微,otc
2012-10-12,23.2,23.2,22.1,22.1,89000,64,2003350,3675,德微,otc
2012-10-15,22.1,22.1,20.65,20.65,191000,121,4003700,3675,德微,otc
2012-10-16,20.7,21.55,20.55,21.3,93000,80,1964200,3675,德微,otc
2012-10-17,21.5,21.5,21.0,21.0,87000,58,1843800,3675,德微,otc
2012-10-18,21.0,22.45,21.0,22.45,148000,93,3260750,3675,德微,otc
2012-10-19,23.7,24.0,23.2,24.0,230000,139,5472300,3675,德微,otc
2012-10-22,24.7,25.5,24.0,24.5,543000,347,13451650,3675,德微,otc
2012-10-23,24.8,24.85,23.0,23.0,265000,192,6278750,3675,德微,otc
2012-10-24,23.0,23.0,22.0,22.1,101000,78,2240850,3675,德微,otc
2012-10-25,22.2,22.6,21.1,21.1,106000,84,2315000,3675,德微,otc
2012-10-26,21.5,21.5,20.65,20.65,152000,97,3166700,3675,德微,otc
2012-10-29,20.4,20.4,19.25,19.25,135000,87,2640350,3675,德微,otc
2012-10-30,18.5,20.35,18.5,19.8,79000,54,1554400,3675,德微,otc
2012-10-31,19.5,19.5,18.85,19.0,38000,35,726300,3675,德微,otc
2012-11-01,18.7,18.7,18.05,18.2,97000,70,1788900,3675,德微,otc
2012-11-02,18.4,18.8,18.1,18.25,60000,44,1106100,3675,德微,otc
2012-11-05,18.25,18.25,17.4,17.5,35000,21,617900,3675,德微,otc
2012-11-06,17.6,17.6,16.7,17.1,107000,50,1829100,3675,德微,otc
2012-11-07,17.2,18.25,17.2,18.25,78000,55,1397900,3675,德微,otc
2012-11-08,18.25,18.6,18.2,18.6,93000,63,1706900,3675,德微,otc
2012-11-09,18.0,19.2,18.0,19.0,70000,49,1291550,3675,德微,otc
2012-11-12,18.6,18.7,18.4,18.4,56000,33,1042400,3675,德微,otc
2012-11-13,18.75,18.75,17.9,18.35,25000,16,451550,3675,德微,otc
2012-11-14,18.0,18.05,18.0,18.05,7000,7,126250,3675,德微,otc
2012-11-15,17.5,17.85,17.5,17.8,31000,25,544750,3675,德微,otc
2012-11-16,17.85,17.85,17.6,17.8,10000,10,177800,3675,德微,otc
2012-11-19,17.9,17.9,17.55,17.8,16000,12,284250,3675,德微,otc
2012-11-20,17.8,17.9,17.55,17.55,17000,11,301050,3675,德微,otc
2012-11-21,17.55,18.0,17.55,18.0,46000,32,817800,3675,德微,otc
2012-11-22,17.65,17.7,17.3,17.3,25000,23,439100,3675,德微,otc
2012-11-23,17.3,17.5,17.3,17.5,10000,9,174450,3675,德微,otc
2012-11-26,17.8,18.7,17.8,18.25,62000,47,1131400,3675,德微,otc
2012-11-27,17.8,18.2,17.75,17.75,23000,18,413300,3675,德微,otc
2012-11-28,18.0,18.1,18.0,18.1,3000,3,54100,3675,德微,otc
2012-11-29,18.15,19.35,18.15,19.35,138000,84,2634250,3675,德微,otc
2012-11-30,20.65,20.7,20.0,20.3,278000,171,5673800,3675,德微,otc
2012-12-03,19.9,20.0,19.2,19.5,63000,46,1230750,3675,德微,otc
2012-12-04,19.05,19.6,19.05,19.55,52000,38,1007600,3675,德微,otc
2012-12-05,19.35,20.3,19.35,20.3,56000,49,1110100,3675,德微,otc
2012-12-06,20.4,20.45,19.65,19.65,96000,65,1911850,3675,德微,otc
2012-12-07,19.8,19.8,18.8,18.85,58000,49,1111250,3675,德微,otc
2012-12-10,18.7,18.8,18.05,18.3,70000,37,1283650,3675,德微,otc
2012-12-11,18.1,18.1,17.7,18.05,54000,28,965750,3675,德微,otc
2012-12-12,18.2,18.2,17.8,18.0,43000,23,772650,3675,德微,otc
2012-12-13,17.85,18.2,17.8,18.1,19000,18,341900,3675,德微,otc
2012-12-14,18.1,18.2,17.9,18.1,30000,21,542550,3675,德微,otc
2012-12-17,17.8,17.9,17.5,17.5,71000,52,1255900,3675,德微,otc
2012-12-18,17.5,18.7,17.5,18.7,127000,72,2351400,3675,德微,otc
2012-12-19,19.0,19.2,18.7,18.8,126000,78,2388000,3675,德微,otc
2012-12-20,18.5,18.6,17.95,18.4,48000,40,876700,3675,德微,otc
2012-12-21,18.1,18.6,18.1,18.4,15000,13,275200,3675,德微,otc
2012-12-22,18.4,18.8,18.35,18.6,49000,32,905550,3675,德微,otc
2012-12-24,18.5,18.55,18.1,18.4,27000,19,496250,3675,德微,otc
2012-12-25,18.6,19.0,18.55,18.8,83000,62,1564600,3675,德微,otc
2012-12-26,19.0,19.0,18.6,18.6,40000,25,750700,3675,德微,otc
2012-12-27,18.5,19.0,18.5,19.0,27000,23,504950,3675,德微,otc
2012-12-28,20.3,20.3,20.3,20.3,297000,65,6029100,3675,德微,otc
2013-01-02,21.1,21.7,20.45,21.7,723000,320,15402900,3675,德微,otc
2013-01-03,21.5,21.5,20.75,21.05,327000,204,6894950,3675,德微,otc
2013-01-04,20.5,20.85,20.0,20.0,237000,142,4832550,3675,德微,otc
2013-01-07,19.5,19.7,19.05,19.3,164000,104,3178550,3675,德微,otc
2013-01-08,19.05,19.8,19.05,19.45,92000,57,1789700,3675,德微,otc
2013-01-09,19.3,19.75,19.15,19.75,98000,55,1905950,3675,德微,otc
2013-01-10,19.8,19.8,18.4,18.6,269000,170,5072950,3675,德微,otc
2013-01-11,18.5,19.4,18.1,19.3,219000,143,4099150,3675,德微,otc
2013-01-14,19.2,19.75,18.9,19.25,90000,68,1739250,3675,德微,otc
2013-01-15,19.2,19.55,19.1,19.1,113000,57,2183200,3675,德微,otc
2013-01-16,19.0,19.5,18.55,18.8,87000,59,1644300,3675,德微,otc
2013-01-17,18.8,19.35,18.3,18.3,80000,59,1495150,3675,德微,otc
2013-01-18,18.7,18.7,18.5,18.55,103000,41,1909600,3675,德微,otc
2013-01-21,18.45,18.5,18.4,18.4,41000,25,756200,3675,德微,otc
2013-01-22,18.6,18.7,18.3,18.3,27000,19,500100,3675,德微,otc
2013-01-23,18.4,19.55,18.4,19.0,161000,117,3090500,3675,德微,otc
2013-01-24,18.7,19.15,18.65,18.7,85000,48,1598600,3675,德微,otc
2013-01-25,18.8,19.15,18.7,18.8,41000,30,775350,3675,德微,otc
2013-01-28,18.7,18.7,18.5,18.55,47000,32,875050,3675,德微,otc
2013-01-29,18.8,19.3,18.65,18.85,64000,48,1213700,3675,德微,otc
2013-01-30,18.85,20.15,18.85,19.7,291000,185,5778650,3675,德微,otc
2013-01-31,19.45,19.45,19.1,19.1,158000,102,3040200,3675,德微,otc
2013-02-01,19.1,19.25,18.85,19.15,58000,34,1106950,3675,德微,otc
2013-02-04,19.3,20.4,19.25,19.85,240000,150,4760350,3675,德微,otc
2013-02-05,19.6,19.85,19.35,19.8,110000,66,2148250,3675,德微,otc
2013-02-06,19.85,19.9,19.45,19.5,125000,64,2458100,3675,德微,otc
2013-02-18,19.6,19.85,19.4,19.6,69000,43,1346550,3675,德微,otc
2013-02-19,19.6,19.6,19.35,19.35,53000,35,1031450,3675,德微,otc
2013-02-20,19.5,19.5,19.25,19.35,29000,26,561050,3675,德微,otc
2013-02-21,19.25,19.35,19.05,19.05,41000,33,786550,3675,德微,otc
2013-02-22,19.0,19.0,18.1,18.8,149000,111,2760300,3675,德微,otc
2013-02-23,18.8,18.8,18.4,18.5,63000,44,1167600,3675,德微,otc
2013-02-25,18.55,18.7,18.4,18.4,50000,38,926550,3675,德微,otc
2013-02-26,18.4,18.4,18.3,18.35,43000,29,789100,3675,德微,otc
2013-02-27,18.6,18.75,18.4,18.55,41000,26,760800,3675,德微,otc
2013-03-01,18.6,19.1,18.6,18.9,63000,46,1186450,3675,德微,otc
2013-03-04,18.75,18.75,18.15,18.3,49000,34,900750,3675,德微,otc
2013-03-05,18.35,18.45,18.3,18.3,25000,15,458500,3675,德微,otc
2013-03-06,18.3,18.6,18.3,18.45,46000,23,848300,3675,德微,otc
2013-03-07,18.45,18.65,18.4,18.5,56000,32,1035750,3675,德微,otc
2013-03-08,18.3,18.65,18.3,18.5,39000,24,720000,3675,德微,otc
2013-03-11,18.6,19.5,18.5,19.0,121000,84,2306400,3675,德微,otc
2013-03-12,18.95,19.0,18.3,18.4,62000,48,1153050,3675,德微,otc
2013-03-13,18.6,19.65,18.5,19.65,355000,218,6933700,3675,德微,otc
2013-03-14,19.8,20.7,19.4,19.8,473000,291,9498600,3675,德微,otc
2013-03-15,19.9,19.9,19.2,19.35,96000,70,1867400,3675,德微,otc
2013-03-18,18.8,19.1,18.55,18.7,125000,69,2340350,3675,德微,otc
2013-03-19,18.7,19.0,18.7,18.9,36000,27,679900,3675,德微,otc
2013-03-20,17.6,18.5,17.6,18.25,92000,57,1664450,3675,德微,otc
2013-03-21,18.1,18.45,18.1,18.45,69000,43,1259050,3675,德微,otc
2013-03-22,18.25,18.35,18.1,18.15,46000,28,836250,3675,德微,otc
2013-03-25,18.2,18.6,18.2,18.35,48000,29,878600,3675,德微,otc
2013-03-26,18.35,18.4,18.15,18.25,38000,30,695100,3675,德微,otc
2013-03-27,18.25,18.7,18.2,18.4,70000,49,1283950,3675,德微,otc
2013-03-28,18.25,18.9,18.1,18.9,91000,51,1668500,3675,德微,otc
2013-03-29,18.95,19.0,18.5,18.8,53000,35,999650,3675,德微,otc
2013-04-01,18.5,18.55,18.2,18.3,90000,55,1645050,3675,德微,otc
2013-04-02,18.3,18.65,18.3,18.35,50000,34,922950,3675,德微,otc
2013-04-03,18.4,19.6,18.4,19.6,214000,117,4125500,3675,德微,otc
2013-04-08,19.5,20.95,19.15,20.75,702000,360,14341900,3675,德微,otc
2013-04-09,21.0,22.2,21.0,22.2,1167000,470,25620500,3675,德微,otc
2013-04-10,21.8,21.8,20.65,20.65,568000,307,12012450,3675,德微,otc
2013-04-11,20.3,20.3,19.4,19.4,461000,275,9166150,3675,德微,otc
2013-04-12,19.75,19.9,19.4,19.6,166000,97,3253950,3675,德微,otc
2013-04-15,19.9,20.2,19.4,19.8,158000,103,3114400,3675,德微,otc
2013-04-16,19.15,19.55,19.15,19.55,93000,57,1802750,3675,德微,otc
2013-04-17,19.8,19.8,19.35,19.4,65000,47,1268150,3675,德微,otc
2013-04-18,19.2,19.5,19.15,19.25,114000,67,2199100,3675,德微,otc
2013-04-19,19.35,20.55,19.35,20.55,175000,103,3551400,3675,德微,otc
2013-04-22,20.55,21.9,20.35,20.35,498000,293,10556750,3675,德微,otc
2013-04-23,20.35,20.6,19.9,19.9,191000,118,3843450,3675,德微,otc
2013-04-24,20.05,20.35,19.8,19.85,115000,87,2299750,3675,德微,otc
2013-04-25,19.75,20.05,19.6,19.7,85000,56,1676000,3675,德微,otc
2013-04-26,19.9,21.0,19.8,20.55,301000,186,6160950,3675,德微,otc
2013-04-29,20.65,20.95,20.1,20.1,103000,62,2100600,3675,德微,otc
2013-04-30,20.25,20.4,20.0,20.35,57000,51,1150800,3675,德微,otc
2013-05-02,20.35,20.75,20.35,20.4,51000,37,1046350,3675,德微,otc
2013-05-03,20.4,20.7,19.75,19.75,148000,74,2992800,3675,德微,otc
2013-05-06,19.95,20.1,19.7,20.0,162000,58,3229100,3675,德微,otc
2013-05-07,20.1,20.1,19.9,19.9,55000,32,1100000,3675,德微,otc
2013-05-08,19.9,19.9,19.4,19.45,249000,114,4863000,3675,德微,otc
2013-05-09,19.45,19.85,19.45,19.8,30000,21,590850,3675,德微,otc
2013-05-10,19.8,20.55,19.8,20.1,61000,43,1233150,3675,德微,otc
2013-05-13,20.4,20.4,19.7,19.85,31000,22,618350,3675,德微,otc
2013-05-14,19.85,19.85,19.45,19.45,82000,46,1607450,3675,德微,otc
2013-05-15,19.3,19.55,19.3,19.4,67000,39,1300300,3675,德微,otc
2013-05-16,19.8,19.8,19.35,19.35,72000,37,1404700,3675,德微,otc
2013-05-17,19.35,19.5,19.1,19.25,106000,51,2042950,3675,德微,otc
2013-05-20,19.35,19.35,18.75,19.0,110000,64,2098950,3675,德微,otc
2013-05-21,19.1,19.7,19.1,19.45,62000,40,1203000,3675,德微,otc
2013-05-22,19.5,19.9,19.3,19.9,127000,63,2484350,3675,德微,otc
2013-05-23,19.9,20.35,19.9,20.0,125000,76,2513000,3675,德微,otc
2013-05-24,19.6,19.9,19.6,19.65,49000,29,969650,3675,德微,otc
2013-05-27,19.9,19.9,19.6,19.75,53000,30,1042150,3675,德微,otc
2013-05-28,19.75,19.75,19.3,19.35,53000,29,1031650,3675,德微,otc
2013-05-29,19.65,19.65,19.35,19.4,26000,17,505750,3675,德微,otc
2013-05-30,19.4,19.65,19.4,19.4,34000,17,662650,3675,德微,otc
2013-05-31,19.5,19.7,19.5,19.65,41000,27,803500,3675,德微,otc
2013-06-03,19.6,19.6,19.5,19.5,24000,19,470200,3675,德微,otc
2013-06-04,19.55,19.55,19.5,19.55,26000,14,507550,3675,德微,otc
2013-06-05,19.6,20.85,19.6,20.05,202000,127,4107900,3675,德微,otc
2013-06-06,19.9,20.0,19.55,19.6,68000,46,1344800,3675,德微,otc
2013-06-07,19.3,19.7,19.1,19.3,79000,44,1529800,3675,德微,otc
2013-06-10,19.45,19.6,19.4,19.4,6000,4,116900,3675,德微,otc
2013-06-11,20.7,20.7,19.55,19.9,64000,38,1270150,3675,德微,otc
2013-06-13,19.9,19.9,19.5,19.7,57000,27,1119450,3675,德微,otc
2013-06-14,19.6,19.6,19.4,19.5,48000,32,937150,3675,德微,otc
2013-06-17,19.5,19.7,19.5,19.7,10000,8,196050,3675,德微,otc
2013-06-18,19.7,19.8,19.55,19.8,22000,20,432800,3675,德微,otc
2013-06-19,19.8,20.05,19.8,19.85,23000,21,458100,3675,德微,otc
2013-06-20,19.65,19.65,19.55,19.55,17000,13,333550,3675,德微,otc
2013-06-21,19.3,19.7,19.1,19.45,37000,23,718450,3675,德微,otc
2013-06-24,19.65,19.65,19.4,19.4,38000,17,738800,3675,德微,otc
2013-06-25,19.1,19.4,18.95,19.0,107000,40,2039900,3675,德微,otc
2013-06-26,19.3,19.3,18.6,18.8,60000,39,1134600,3675,德微,otc
2013-06-27,19.0,19.6,19.0,19.05,55000,30,1061100,3675,德微,otc
2013-06-28,19.05,19.05,19.0,19.05,13000,5,247150,3675,德微,otc
2013-07-01,19.05,19.4,19.05,19.05,24000,20,459950,3675,德微,otc
2013-07-02,19.25,19.4,19.0,19.0,27000,23,517000,3675,德微,otc
2013-07-03,19.1,19.1,18.8,18.85,16000,13,302500,3675,德微,otc
2013-07-04,18.55,18.9,18.55,18.75,13000,11,243750,3675,德微,otc
2013-07-05,18.85,19.0,18.55,18.55,38000,27,712250,3675,德微,otc
2013-07-08,18.75,19.6,18.75,19.1,24000,17,460200,3675,德微,otc
2013-07-09,19.1,19.15,19.1,19.15,6000,6,114750,3675,德微,otc
2013-07-10,19.25,19.25,19.1,19.1,7000,7,134250,3675,德微,otc
2013-07-11,19.15,19.25,18.8,18.8,16000,11,305000,3675,德微,otc
2013-07-12,19.0,19.1,18.9,18.9,18000,11,342300,3675,德微,otc
2013-07-15,18.95,19.0,18.7,18.8,34000,18,640750,3675,德微,otc
2013-07-16,19.4,19.4,18.85,18.85,10000,8,189900,3675,德微,otc
2013-07-17,18.85,18.85,18.75,18.85,16000,11,300900,3675,德微,otc
2013-07-18,18.85,18.85,18.7,18.7,53000,20,994400,3675,德微,otc
2013-07-19,18.8,18.9,18.75,18.75,27000,17,506950,3675,德微,otc
2013-07-22,18.9,19.15,18.9,19.05,19000,12,361150,3675,德微,otc
2013-07-23,19.0,19.05,18.85,18.95,21000,17,398600,3675,德微,otc
2013-07-24,19.1,19.2,18.85,18.85,21000,14,399050,3675,德微,otc
2013-07-25,18.85,19.0,18.8,18.85,17000,11,320300,3675,德微,otc
2013-07-26,18.85,19.0,18.7,18.75,65000,20,1221250,3675,德微,otc
2013-07-29,18.85,19.1,18.85,19.1,24000,11,455200,3675,德微,otc
2013-07-30,18.9,19.2,18.9,19.0,15000,13,285600,3675,德微,otc
2013-07-31,19.0,19.0,18.75,18.85,43000,20,809550,3675,德微,otc
2013-08-01,18.85,18.9,18.75,18.9,60000,27,1128800,3675,德微,otc
2013-08-02,18.9,20.2,18.9,19.35,216000,139,4279050,3675,德微,otc
2013-08-05,19.45,19.6,19.1,19.25,63000,48,1219300,3675,德微,otc
2013-08-06,19.1,19.2,18.8,18.8,61000,44,1155700,3675,德微,otc
2013-08-07,18.8,18.8,18.55,18.55,39000,27,728750,3675,德微,otc
2013-08-08,18.55,18.7,18.55,18.65,28000,17,522000,3675,德微,otc
2013-08-09,18.65,18.75,18.6,18.6,24000,18,447500,3675,德微,otc
2013-08-12,18.55,18.6,18.35,18.35,44000,29,812350,3675,德微,otc
2013-08-13,18.35,18.4,18.15,18.15,49000,31,895850,3675,德微,otc
2013-08-14,18.15,18.5,17.8,17.8,82000,55,1492850,3675,德微,otc
2013-08-15,17.6,17.85,17.5,17.55,71000,44,1254550,3675,德微,otc
2013-08-16,17.55,17.55,17.0,17.0,142000,89,2438450,3675,德微,otc
2013-08-19,17.2,17.2,16.95,17.1,54000,33,919600,3675,德微,otc
2013-08-20,17.1,17.1,17.0,17.0,27000,16,460350,3675,德微,otc
2013-08-22,16.95,17.05,16.95,17.05,25000,19,425200,3675,德微,otc
2013-08-23,16.95,17.5,16.95,17.2,39000,19,672100,3675,德微,otc
2013-08-26,17.2,17.2,17.0,17.0,15000,11,256300,3675,德微,otc
2013-08-27,17.1,17.1,16.9,16.9,55000,29,933450,3675,德微,otc
2013-08-28,17.0,18.05,17.0,17.5,137000,91,2421000,3675,德微,otc
2013-08-29,17.5,17.5,17.1,17.1,63000,47,1084650,3675,德微,otc
2013-08-30,17.1,17.25,17.05,17.05,49000,27,839150,3675,德微,otc
2013-09-02,17.0,17.1,17.0,17.1,40000,24,680900,3675,德微,otc
2013-09-03,17.1,18.25,17.1,18.25,169000,87,3015350,3675,德微,otc
2013-09-04,18.5,19.5,18.5,19.5,927000,364,17819600,3675,德微,otc
2013-09-05,19.1,19.3,18.35,18.45,298000,170,5618350,3675,德微,otc
2013-09-06,18.3,18.8,18.3,18.7,172000,86,3187200,3675,德微,otc
2013-09-09,18.6,18.7,18.3,18.3,111000,69,2050650,3675,德微,otc
2013-09-10,18.3,19.55,18.3,19.55,145000,95,2737500,3675,德微,otc
2013-09-11,19.8,19.8,18.6,18.65,215000,139,4101850,3675,德微,otc
2013-09-12,18.5,18.55,18.3,18.35,158000,93,2906250,3675,德微,otc
2013-09-13,18.25,18.65,18.2,18.3,112000,70,2055100,3675,德微,otc
2013-09-14,18.4,18.4,18.3,18.3,34000,22,624100,3675,德微,otc
2013-09-16,18.3,18.7,18.3,18.4,85000,52,1570200,3675,德微,otc
2013-09-17,18.35,18.55,18.3,18.3,67000,39,1232650,3675,德微,otc
2013-09-18,18.3,18.7,18.3,18.45,70000,42,1294950,3675,德微,otc
2013-09-23,18.45,18.75,18.45,18.45,87000,45,1614200,3675,德微,otc
2013-09-24,18.5,18.55,18.4,18.4,55000,33,1016650,3675,德微,otc
2013-09-25,18.4,18.45,18.35,18.35,72000,38,1325300,3675,德微,otc
2013-09-26,18.4,18.6,18.4,18.5,59000,34,1090550,3675,德微,otc
2013-09-27,18.6,18.95,18.55,18.55,92000,57,1722050,3675,德微,otc
2013-09-30,18.6,18.85,18.55,18.65,58000,36,1084750,3675,德微,otc
2013-10-01,18.7,18.9,18.6,18.8,137000,75,2568200,3675,德微,otc
2013-10-02,19.15,19.8,19.15,19.2,364000,197,7058150,3675,德微,otc
2013-10-03,19.1,19.25,19.0,19.1,167000,90,3195200,3675,德微,otc
2013-10-04,19.2,19.25,18.9,18.9,125000,60,2381050,3675,德微,otc
2013-10-07,19.05,19.7,19.0,19.15,152000,79,2941550,3675,德微,otc
2013-10-08,19.1,19.2,18.9,19.0,82000,52,1558050,3675,德微,otc
2013-10-09,19.1,19.25,18.95,19.0,112000,83,2136250,3675,德微,otc
2013-10-11,19.2,19.2,18.85,18.85,79000,48,1503550,3675,德微,otc
2013-10-14,18.85,18.95,18.65,18.65,111000,44,2079900,3675,德微,otc
2013-10-15,18.8,18.9,18.75,18.9,32000,18,601600,3675,德微,otc
2013-10-16,19.0,19.0,18.85,18.9,60000,29,1135500,3675,德微,otc
2013-10-17,18.9,18.95,18.75,18.95,51000,29,961450,3675,德微,otc
2013-10-18,19.0,19.35,19.0,19.25,81000,49,1551550,3675,德微,otc
2013-10-21,19.3,19.3,19.05,19.05,44000,30,843350,3675,德微,otc
2013-10-22,19.15,19.3,19.1,19.25,96000,55,1845150,3675,德微,otc
2013-10-23,19.3,19.35,19.1,19.2,95000,53,1827550,3675,德微,otc
2013-10-24,19.3,19.45,19.15,19.45,110000,70,2124200,3675,德微,otc
2013-10-25,19.3,19.5,19.05,19.05,92000,50,1772950,3675,德微,otc
2013-10-28,19.1,19.35,18.85,18.85,122000,66,2326750,3675,德微,otc
2013-10-29,18.85,18.95,18.65,18.75,62000,41,1166050,3675,德微,otc
2013-10-30,18.7,18.75,18.6,18.6,67000,48,1251550,3675,德微,otc
2013-10-31,18.7,18.75,18.6,18.6,30000,19,560050,3675,德微,otc
2013-11-01,18.7,18.7,18.55,18.6,46000,28,856100,3675,德微,otc
2013-11-04,18.75,19.0,18.65,18.65,32000,17,601600,3675,德微,otc
2013-11-05,18.65,18.65,17.5,17.5,243000,119,4330100,3675,德微,otc
2013-11-06,17.5,17.65,17.2,17.25,143000,51,2480250,3675,德微,otc
2013-11-07,17.3,17.5,17.3,17.35,59000,28,1025150,3675,德微,otc
2013-11-08,17.4,17.7,17.4,17.5,58000,34,1020300,3675,德微,otc
2013-11-11,17.5,17.5,17.15,17.15,83000,51,1433250,3675,德微,otc
2013-11-12,17.15,17.15,16.7,16.7,133000,70,2243050,3675,德微,otc
2013-11-13,16.7,17.05,16.7,16.8,110000,59,1856300,3675,德微,otc
2013-11-14,16.95,17.0,16.75,16.75,114000,39,1922100,3675,德微,otc
2013-11-15,16.8,16.95,16.75,16.9,25000,10,420350,3675,德微,otc
2013-11-18,16.8,16.9,16.7,16.7,25000,17,420700,3675,德微,otc
2013-11-19,16.8,16.85,16.7,16.7,92000,43,1538650,3675,德微,otc
2013-11-20,16.7,16.75,16.5,16.5,61000,42,1013500,3675,德微,otc
2013-11-21,16.5,16.5,16.15,16.2,34000,24,553200,3675,德微,otc
2013-11-22,16.4,16.5,15.3,15.5,168000,100,2640100,3675,德微,otc
2013-11-25,15.55,15.7,15.55,15.7,10000,9,156050,3675,德微,otc
2013-11-26,15.7,16.2,15.7,16.2,45000,27,718300,3675,德微,otc
2013-11-27,16.3,16.3,16.0,16.05,44000,23,710500,3675,德微,otc
2013-11-28,16.1,16.35,16.1,16.15,47000,30,761350,3675,德微,otc
2013-11-29,15.85,16.0,15.85,15.95,28000,19,446150,3675,德微,otc
2013-12-02,16.0,16.0,15.75,15.75,40000,26,634800,3675,德微,otc
2013-12-03,15.7,16.0,15.6,15.8,49000,31,771700,3675,德微,otc
2013-12-04,15.8,15.85,15.7,15.75,25000,21,394400,3675,德微,otc
2013-12-05,15.8,15.85,15.7,15.75,60000,32,945350,3675,德微,otc
2013-12-06,15.8,16.8,15.8,16.5,86000,65,1399050,3675,德微,otc
2013-12-09,16.4,16.4,16.15,16.15,62000,37,1007600,3675,德微,otc
2013-12-10,16.1,16.9,15.95,16.85,133000,91,2198700,3675,德微,otc
2013-12-11,16.75,16.75,16.55,16.65,80000,53,1334000,3675,德微,otc
2013-12-12,16.55,16.65,16.5,16.5,43000,24,712750,3675,德微,otc
2013-12-13,16.55,17.0,16.55,16.8,86000,55,1438050,3675,德微,otc
2013-12-16,16.9,16.9,16.6,16.6,35000,25,585600,3675,德微,otc
2013-12-17,16.6,16.6,16.4,16.4,22000,17,363350,3675,德微,otc
2013-12-18,16.3,16.4,16.3,16.35,49000,27,800850,3675,德微,otc
2013-12-19,16.8,16.8,16.35,16.4,23000,16,378800,3675,德微,otc
2013-12-20,16.45,16.45,16.2,16.25,68000,28,1110450,3675,德微,otc
2013-12-23,16.25,16.35,16.25,16.3,51000,23,831350,3675,德微,otc
2013-12-24,16.35,16.45,16.35,16.35,39000,22,638550,3675,德微,otc
2013-12-25,16.25,16.45,16.25,16.45,32000,15,523300,3675,德微,otc
2013-12-26,16.4,16.75,16.4,16.7,52000,29,862700,3675,德微,otc
2013-12-27,16.65,17.0,16.6,16.85,76000,39,1275500,3675,德微,otc
2013-12-30,16.75,16.95,16.75,16.8,88000,33,1482450,3675,德微,otc
2013-12-31,16.75,17.9,16.75,17.5,272000,132,4732800,3675,德微,otc
2014-01-02,17.5,17.8,17.25,17.35,89000,55,1555000,3675,德微,otc
2014-01-03,17.3,17.35,17.15,17.35,72000,40,1241350,3675,德微,otc
2014-01-06,17.25,17.5,17.25,17.45,61000,29,1056800,3675,德微,otc
2014-01-07,17.6,18.5,17.6,18.0,222000,136,4002650,3675,德微,otc
2014-01-08,18.0,18.45,18.0,18.25,104000,66,1896550,3675,德微,otc
2014-01-09,18.3,18.45,18.1,18.1,144000,68,2634800,3675,德微,otc
2014-01-10,18.2,18.3,17.8,17.85,127000,57,2290950,3675,德微,otc
2014-01-13,17.85,17.95,17.7,17.7,95000,51,1692750,3675,德微,otc
2014-01-14,17.65,17.75,17.6,17.6,51000,25,900950,3675,德微,otc
2014-01-15,17.6,18.25,17.6,17.9,60000,39,1077650,3675,德微,otc
2014-01-16,17.9,18.35,17.9,18.2,146000,84,2654100,3675,德微,otc
2014-01-17,18.15,18.15,17.9,17.9,63000,44,1132650,3675,德微,otc
2014-01-20,17.95,18.0,17.75,17.75,68000,35,1217250,3675,德微,otc
2014-01-21,17.85,17.85,17.75,17.75,51000,29,907600,3675,德微,otc
2014-01-22,17.8,17.8,17.6,17.6,53000,29,938100,3675,德微,otc
2014-01-23,17.6,17.65,17.5,17.5,56000,28,983350,3675,德微,otc
2014-01-24,17.5,17.5,17.0,17.1,75000,46,1288000,3675,德微,otc
2014-01-27,16.9,16.9,16.8,16.8,26000,21,438250,3675,德微,otc
2014-02-05,16.5,16.8,16.5,16.75,25000,17,414800,3675,德微,otc
2014-02-06,16.9,17.1,16.9,16.9,45000,27,764600,3675,德微,otc
2014-02-07,16.95,17.1,16.9,16.95,50000,21,849200,3675,德微,otc
2014-02-10,18.1,18.1,18.1,18.1,62000,38,1122200,3675,德微,otc
2014-02-11,19.35,19.35,19.35,19.35,128000,63,2476800,3675,德微,otc
2014-02-12,20.7,20.7,20.7,20.7,193000,105,3995100,3675,德微,otc
2014-02-13,22.1,22.1,21.2,22.0,1999000,890,43893400,3675,德微,otc
2014-02-14,22.0,22.4,21.25,21.25,931000,445,20283200,3675,德微,otc
2014-02-17,21.65,22.7,21.3,22.7,688000,298,15246100,3675,德微,otc
2014-02-18,23.5,23.5,22.6,23.0,986000,484,22844700,3675,德微,otc
2014-02-19,23.1,23.6,22.2,22.75,697000,375,15854700,3675,德微,otc
2014-02-20,22.4,22.7,21.75,21.8,607000,282,13419900,3675,德微,otc
2014-02-21,21.8,22.4,21.6,21.8,399000,216,8725600,3675,德微,otc
2014-02-24,22.95,22.95,22.0,22.05,425000,203,9514600,3675,德微,otc
2014-02-25,22.1,22.4,21.8,21.85,293000,158,6456150,3675,德微,otc
2014-02-26,21.9,23.35,21.8,23.35,652000,310,14905400,3675,德微,otc
2014-02-27,24.35,24.4,22.5,22.65,858000,419,20094300,3675,德微,otc
2014-03-03,22.75,23.9,22.7,23.75,458000,253,10667500,3675,德微,otc
2014-03-04,23.95,24.0,23.1,23.15,301000,173,7028850,3675,德微,otc
2014-03-05,23.45,23.55,22.15,22.2,539000,267,12167700,3675,德微,otc
2014-03-06,22.5,23.0,22.35,23.0,198000,126,4464300,3675,德微,otc
2014-03-07,23.0,23.4,22.5,22.6,277000,164,6331150,3675,德微,otc
2014-03-10,23.6,24.15,23.05,24.15,600000,240,14284850,3675,德微,otc
2014-03-11,25.2,25.3,23.75,24.35,727000,395,17905900,3675,德微,otc
2014-03-12,24.0,24.25,23.55,23.65,320000,174,7644750,3675,德微,otc
2014-03-13,23.65,23.65,23.3,23.65,240000,133,5630850,3675,德微,otc
2014-03-14,23.65,24.15,23.3,23.75,190000,130,4526550,3675,德微,otc
2014-03-17,24.0,24.0,23.0,23.05,319000,168,7408600,3675,德微,otc
2014-03-18,23.3,23.3,22.35,22.35,368000,183,8365200,3675,德微,otc
2014-03-19,22.35,22.7,22.1,22.5,378000,152,8460500,3675,德微,otc
2014-03-20,22.5,22.5,21.85,21.85,222000,109,4901150,3675,德微,otc
2014-03-21,21.9,22.0,21.6,21.6,167000,82,3633600,3675,德微,otc
2014-03-24,21.35,22.0,20.65,21.5,110000,71,2329800,3675,德微,otc
2014-03-25,22.5,23.0,22.3,23.0,303000,104,6924500,3675,德微,otc
2014-03-26,24.15,24.15,22.8,23.0,545000,290,12782600,3675,德微,otc
2014-03-27,23.0,23.0,22.2,22.4,234000,143,5280150,3675,德微,otc
2014-03-28,22.4,23.3,22.4,23.0,326000,168,7478000,3675,德微,otc
2014-03-31,23.0,23.4,22.65,22.85,140000,94,3206000,3675,德微,otc
2014-04-01,23.25,23.25,22.8,22.9,166000,71,3810900,3675,德微,otc
2014-04-02,22.9,24.5,22.9,24.45,1262000,523,30352200,3675,德微,otc
2014-04-03,23.85,26.15,23.65,26.15,1333000,567,33519750,3675,德微,otc
2014-04-07,27.95,27.95,27.7,27.95,1292000,433,36102100,3675,德微,otc
2014-04-08,28.2,29.9,26.4,29.4,2563000,1181,72405900,3675,德微,otc
2014-04-09,29.4,30.2,28.2,29.95,1350000,650,39424800,3675,德微,otc
2014-04-10,30.5,32.0,30.5,32.0,3302000,1510,104173200,3675,德微,otc
2014-04-11,31.6,33.0,30.05,31.5,1959000,1028,61988800,3675,德微,otc
2014-04-14,31.0,31.45,29.3,29.3,1300000,651,38590850,3675,德微,otc
2014-04-15,28.5,29.4,27.8,28.7,1004000,565,28557750,3675,德微,otc
2014-04-16,28.8,29.1,27.9,28.6,858000,485,24310050,3675,德微,otc
2014-04-17,29.4,29.6,28.85,29.0,758000,401,22080700,3675,德微,otc
2014-04-18,29.5,29.5,28.1,28.1,556000,305,15786050,3675,德微,otc
2014-04-21,27.9,28.45,27.9,27.95,377000,208,10602450,3675,德微,otc
2014-04-22,28.0,28.25,27.95,27.95,371000,196,10411000,3675,德微,otc
2014-04-23,28.0,28.2,26.65,26.7,641000,374,17443850,3675,德微,otc
2014-04-24,26.7,27.0,26.15,26.15,364000,214,9660550,3675,德微,otc
2014-04-25,26.0,26.0,24.35,24.35,795000,403,19620050,3675,德微,otc
2014-04-28,23.1,24.0,22.65,23.5,587000,342,13649200,3675,德微,otc
2014-04-29,23.7,25.1,23.7,25.1,223000,137,5530150,3675,德微,otc
2014-04-30,25.1,26.6,25.0,25.0,788000,452,20189750,3675,德微,otc
2014-05-02,25.0,25.8,24.8,25.4,246000,151,6256650,3675,德微,otc
2014-05-05,25.4,26.4,25.05,26.0,298000,181,7698450,3675,德微,otc
2014-05-06,26.2,26.4,25.7,25.7,230000,139,5997150,3675,德微,otc
2014-05-07,25.7,25.9,25.0,25.0,356000,187,9038750,3675,德微,otc
2014-05-08,24.8,25.3,24.7,25.0,261000,143,6529500,3675,德微,otc
2014-05-09,25.0,25.3,24.9,24.9,177000,92,4441650,3675,德微,otc
2014-05-12,24.95,24.95,23.9,24.1,324000,180,7865850,3675,德微,otc
2014-05-13,24.0,24.6,23.9,23.95,236000,113,5704800,3675,德微,otc
2014-05-14,24.0,24.2,23.95,24.1,74000,41,1777350,3675,德微,otc
2014-05-15,24.05,24.05,23.8,23.8,89000,68,2125000,3675,德微,otc
2014-05-16,23.8,24.0,23.35,23.45,169000,77,4005250,3675,德微,otc
2014-05-19,23.4,24.1,23.0,24.1,213000,113,4950850,3675,德微,otc
2014-05-20,24.3,24.3,23.75,23.9,112000,72,2678150,3675,德微,otc
2014-05-21,23.85,23.85,23.65,23.7,100000,59,2373300,3675,德微,otc
2014-05-22,23.75,24.3,23.75,24.15,121000,77,2911600,3675,德微,otc
2014-05-23,24.5,25.8,24.5,25.8,131000,78,3340250,3675,德微,otc
2014-05-26,27.0,27.55,26.5,27.1,872000,458,23694300,3675,德微,otc
2014-05-27,27.1,27.9,26.6,27.0,560000,296,15236950,3675,德微,otc
2014-05-28,27.0,27.0,25.3,26.3,459000,276,12083450,3675,德微,otc
2014-05-29,26.1,26.5,25.7,25.75,189000,114,4910900,3675,德微,otc
2014-05-30,25.75,25.75,25.1,25.35,326000,189,8253600,3675,德微,otc
2014-06-03,25.4,25.8,25.2,25.5,145000,92,3690150,3675,德微,otc
2014-06-04,25.55,26.25,25.35,25.9,261000,150,6766350,3675,德微,otc
2014-06-05,25.85,26.0,25.25,25.55,286000,140,7323300,3675,德微,otc
2014-06-06,27.3,27.3,27.3,27.3,327000,132,8927100,3675,德微,otc
2014-06-09,29.2,29.2,27.7,28.8,1672000,894,48106900,3675,德微,otc
2014-06-10,28.1,28.55,27.4,27.4,577000,343,16086050,3675,德微,otc
2014-06-11,27.6,27.95,27.2,27.4,309000,183,8523000,3675,德微,otc
2014-06-12,27.2,28.5,27.1,27.9,416000,261,11526700,3675,德微,otc
2014-06-13,27.8,27.8,27.2,27.5,238000,145,6532650,3675,德微,otc
2014-06-16,27.65,27.65,26.9,26.9,219000,127,5951350,3675,德微,otc
2014-06-17,26.9,27.6,26.55,27.25,209000,127,5635750,3675,德微,otc
2014-06-18,27.2,27.2,26.45,26.45,268000,160,7167650,3675,德微,otc
2014-06-19,26.6,26.9,26.6,26.65,144000,73,3837350,3675,德微,otc
2014-06-20,26.85,27.05,26.5,26.5,193000,107,5151100,3675,德微,otc
2014-06-23,26.5,26.65,25.7,26.5,233000,123,6130200,3675,德微,otc
2014-06-24,26.6,27.3,26.6,27.0,148000,111,3992550,3675,德微,otc
2014-06-25,27.2,28.85,26.85,28.85,875000,466,24570800,3675,德微,otc
2014-06-26,30.0,30.0,28.45,29.0,1190000,612,34782150,3675,德微,otc
2014-06-27,28.9,29.5,28.1,29.3,790000,417,22800150,3675,德微,otc
2014-06-30,29.5,31.35,29.25,31.25,1941000,907,59779750,3675,德微,otc
2014-07-01,32.6,32.6,29.9,31.0,1614000,765,50487200,3675,德微,otc
2014-07-02,31.6,31.6,29.9,30.0,914000,474,27982050,3675,德微,otc
2014-07-03,30.2,30.45,29.8,30.15,412000,211,12414950,3675,德微,otc
2014-07-04,30.65,31.5,30.5,31.4,711000,381,22060850,3675,德微,otc
2014-07-07,31.7,31.8,30.5,30.5,650000,326,20224600,3675,德微,otc
2014-07-08,31.0,31.0,29.85,30.0,439000,243,13249400,3675,德微,otc
2014-07-09,29.8,29.9,29.3,29.3,350000,196,10363000,3675,德微,otc
2014-07-10,29.3,30.95,29.3,29.6,443000,260,13367450,3675,德微,otc
2014-07-11,29.6,29.6,27.55,28.0,456000,289,12985550,3675,德微,otc
2014-07-14,28.35,28.35,27.8,28.0,259000,154,7264000,3675,德微,otc
2014-07-15,28.2,29.5,28.2,28.75,215000,132,6227300,3675,德微,otc
2014-07-16,29.25,29.8,28.75,29.0,283000,166,8281500,3675,德微,otc
2014-07-17,29.0,29.4,28.2,28.35,255000,130,7292900,3675,德微,otc
2014-07-18,28.0,28.85,28.0,28.4,147000,92,4148350,3675,德微,otc
2014-07-21,28.7,28.75,28.0,28.0,220000,120,6208450,3675,德微,otc
2014-07-22,28.4,28.45,27.85,28.2,157000,105,4407600,3675,德微,otc
2014-07-24,28.4,28.55,28.15,28.2,148000,78,4181300,3675,德微,otc
2014-07-25,28.35,28.35,27.3,27.7,277000,138,7689500,3675,德微,otc
2014-07-28,27.7,27.7,26.9,27.0,219000,129,5938550,3675,德微,otc
2014-07-29,27.2,27.2,26.05,26.3,144000,84,3853000,3675,德微,otc
2014-07-30,26.1,26.6,26.1,26.55,143000,80,3782000,3675,德微,otc
2014-07-31,26.55,26.9,26.55,26.9,82000,40,2184150,3675,德微,otc
2014-08-01,26.5,26.8,26.1,26.8,42000,30,1109600,3675,德微,otc
2014-08-04,26.9,27.0,26.3,26.6,58000,37,1540950,3675,德微,otc
2014-08-05,26.6,26.6,26.2,26.3,48000,35,1264400,3675,德微,otc
2014-08-06,26.0,26.05,25.0,25.2,433000,172,10957650,3675,德微,otc
2014-08-07,25.2,26.95,25.2,26.4,259000,151,6853350,3675,德微,otc
2014-08-08,25.6,26.05,25.0,25.25,298000,155,7593150,3675,德微,otc
2014-08-11,25.4,25.95,25.4,25.8,111000,64,2850800,3675,德微,otc
2014-08-12,25.85,25.95,25.5,25.5,75000,35,1919200,3675,德微,otc
2014-08-13,25.8,25.8,25.4,25.4,139000,70,3546100,3675,德微,otc
2014-08-14,25.2,25.7,25.1,25.3,102000,52,2588100,3675,德微,otc
2014-08-15,25.3,25.3,24.4,24.6,192000,105,4782750,3675,德微,otc
2014-08-18,24.6,24.6,23.0,23.55,313000,174,7377700,3675,德微,otc
2014-08-19,23.2,24.05,23.2,23.7,135000,78,3205950,3675,德微,otc
2014-08-20,23.85,23.9,23.65,23.7,113000,60,2680400,3675,德微,otc
2014-08-21,23.75,23.85,23.0,23.85,100000,61,2351050,3675,德微,otc
2014-08-22,23.85,25.5,23.85,25.5,265000,162,6673750,3675,德微,otc
2014-08-25,25.5,25.65,25.0,25.15,127000,74,3219350,3675,德微,otc
2014-08-26,25.0,25.45,25.0,25.35,42000,27,1062300,3675,德微,otc
2014-08-27,25.5,25.5,25.1,25.1,88000,36,2221800,3675,德微,otc
2014-08-28,25.35,25.35,25.05,25.15,47000,29,1181600,3675,德微,otc
2014-08-29,25.1,25.25,25.1,25.1,21000,20,528650,3675,德微,otc
2014-09-01,25.1,25.35,25.1,25.35,89000,36,2241400,3675,德微,otc
2014-09-02,25.2,25.5,25.1,25.2,36000,25,908450,3675,德微,otc
2014-09-03,25.25,25.3,25.05,25.05,32000,23,805100,3675,德微,otc
2014-09-04,25.05,26.0,25.05,25.3,70000,40,1780350,3675,德微,otc
2014-09-05,25.85,26.4,25.7,25.85,138000,85,3581000,3675,德微,otc
2014-09-09,25.95,26.0,25.5,25.7,104000,52,2678450,3675,德微,otc
2014-09-10,25.5,25.5,24.8,24.95,99000,59,2487850,3675,德微,otc
2014-09-11,24.95,24.95,24.8,24.85,32000,23,794750,3675,德微,otc
2014-09-12,24.8,25.0,24.8,24.9,37000,24,921950,3675,德微,otc
2014-09-15,24.75,24.75,23.6,24.0,63000,39,1525550,3675,德微,otc
2014-09-16,23.8,24.3,23.7,24.25,33000,20,795150,3675,德微,otc
2014-09-17,24.9,24.9,22.85,22.85,47000,32,1122750,3675,德微,otc
2014-09-18,24.3,24.3,23.7,24.1,65000,37,1561550,3675,德微,otc
2014-09-19,24.2,24.55,23.9,24.05,54000,36,1301800,3675,德微,otc
2014-09-22,23.8,23.8,23.3,23.45,77000,57,1808600,3675,德微,otc
2014-09-23,23.45,23.8,23.45,23.45,40000,26,942600,3675,德微,otc
2014-09-24,23.55,23.8,23.5,23.75,31000,18,733750,3675,德微,otc
2014-09-25,24.0,24.5,23.35,23.6,89000,57,2103100,3675,德微,otc
2014-09-26,23.4,23.6,23.05,23.3,154000,71,3590550,3675,德微,otc
2014-09-29,23.45,23.85,23.45,23.65,38000,21,896950,3675,德微,otc
2014-09-30,23.7,23.7,22.9,23.5,69000,44,1604700,3675,德微,otc
2014-10-01,23.35,23.5,23.2,23.4,50000,34,1165200,3675,德微,otc
2014-10-02,23.1,23.7,23.1,23.45,74000,38,1729750,3675,德微,otc
2014-10-03,23.55,24.15,23.55,23.9,93000,61,2216350,3675,德微,otc
2014-10-06,23.6,24.1,23.6,24.05,54000,25,1288750,3675,德微,otc
2014-10-07,23.95,25.0,23.75,24.3,124000,72,3029650,3675,德微,otc
2014-10-08,24.0,24.3,23.8,23.8,56000,42,1348450,3675,德微,otc
2014-10-09,24.15,24.15,23.15,23.25,115000,62,2692900,3675,德微,otc
2014-10-13,21.7,22.45,21.7,21.95,127000,76,2810800,3675,德微,otc
2014-10-14,22.15,22.15,21.9,22.0,36000,20,794000,3675,德微,otc
2014-10-15,22.5,22.65,21.5,21.6,106000,58,2324250,3675,德微,otc
2014-10-16,21.5,21.55,21.1,21.4,78000,43,1670800,3675,德微,otc
2014-10-17,21.5,21.6,21.0,21.0,63000,31,1348100,3675,德微,otc
2014-10-20,21.7,22.4,21.4,22.25,118000,66,2584300,3675,德微,otc
2014-10-21,22.0,22.0,21.7,22.0,24000,17,525700,3675,德微,otc
2014-10-22,22.25,22.5,21.95,21.95,28000,22,624450,3675,德微,otc
2014-10-23,21.75,22.1,21.75,21.9,23000,13,505700,3675,德微,otc
2014-10-24,23.4,23.4,23.4,23.4,188000,93,4399200,3675,德微,otc
2014-10-27,23.4,23.4,21.8,21.8,208000,127,4710200,3675,德微,otc
2014-10-28,21.05,22.15,21.05,21.9,66000,48,1420750,3675,德微,otc
2014-10-29,22.0,23.3,22.0,22.5,54000,42,1223100,3675,德微,otc
2014-10-30,22.9,22.9,22.35,22.35,42000,30,951050,3675,德微,otc
2014-10-31,22.6,22.75,22.3,22.3,78000,46,1750650,3675,德微,otc
2014-11-03,22.5,22.65,22.3,22.65,56000,29,1257000,3675,德微,otc
2014-11-04,22.65,22.8,22.35,22.6,61000,32,1374150,3675,德微,otc
2014-11-05,22.75,22.95,22.35,22.4,77000,35,1743650,3675,德微,otc
2014-11-06,22.45,22.5,20.85,21.1,242000,153,5178150,3675,德微,otc
2014-11-07,21.05,21.9,21.05,21.45,100000,44,2152900,3675,德微,otc
2014-11-10,21.55,21.7,21.35,21.6,61000,40,1314850,3675,德微,otc
2014-11-11,21.7,21.7,21.25,21.45,38000,22,811950,3675,德微,otc
2014-11-12,21.45,21.5,21.0,21.0,26000,18,552400,3675,德微,otc
2014-11-13,21.0,21.3,21.0,21.1,26000,19,549700,3675,德微,otc
2014-11-14,21.1,21.2,20.9,21.0,47000,34,988450,3675,德微,otc
2014-11-17,21.15,21.3,21.15,21.15,23000,18,488250,3675,德微,otc
2014-11-18,21.15,21.35,20.7,20.8,41000,29,861900,3675,德微,otc
2014-11-19,21.0,21.2,20.9,20.9,18000,12,378200,3675,德微,otc
2014-11-20,21.45,22.3,21.35,21.35,60000,46,1303500,3675,德微,otc
2014-11-21,21.3,21.45,21.2,21.45,25000,15,532250,3675,德微,otc
2014-11-24,21.3,21.5,21.3,21.5,21000,12,450650,3675,德微,otc
2014-11-25,21.5,21.5,21.0,21.15,82000,41,1736550,3675,德微,otc
2014-11-26,21.15,21.5,21.15,21.3,18000,11,383950,3675,德微,otc
2014-11-27,21.25,21.25,21.0,21.0,66000,31,1390250,3675,德微,otc
2014-11-28,21.0,21.4,21.0,21.3,35000,18,741500,3675,德微,otc
2014-12-01,21.0,21.3,21.0,21.25,27000,16,570250,3675,德微,otc
2014-12-02,21.05,21.45,21.0,21.45,37000,20,781300,3675,德微,otc
2014-12-03,21.6,22.5,21.5,22.25,106000,81,2339250,3675,德微,otc
2014-12-04,22.2,22.4,22.05,22.05,39000,27,866600,3675,德微,otc
2014-12-05,22.1,22.3,22.1,22.3,47000,23,1043000,3675,德微,otc
2014-12-08,22.2,22.25,22.0,22.0,42000,22,930250,3675,德微,otc
2014-12-09,21.7,21.75,21.6,21.75,30000,21,650650,3675,德微,otc
2014-12-10,21.5,21.8,21.35,21.6,36000,19,777500,3675,德微,otc
2014-12-11,21.55,21.55,21.5,21.5,8000,4,172100,3675,德微,otc
2014-12-12,21.65,21.7,21.6,21.7,66000,26,1430600,3675,德微,otc
2014-12-15,21.35,21.35,21.25,21.25,12000,10,255550,3675,德微,otc
2014-12-16,21.3,21.5,21.3,21.3,14000,12,299300,3675,德微,otc
2014-12-17,21.4,21.4,21.3,21.3,14000,6,299100,3675,德微,otc
2014-12-18,21.45,21.5,21.3,21.35,29000,18,619800,3675,德微,otc
2014-12-19,21.5,21.9,21.4,21.4,49000,25,1056500,3675,德微,otc
2014-12-22,21.6,21.7,21.55,21.7,25000,15,540100,3675,德微,otc
2014-12-23,21.8,22.2,21.8,22.1,104000,46,2289550,3675,德微,otc
2014-12-24,21.9,22.35,21.8,22.0,49000,27,1076800,3675,德微,otc
2014-12-25,22.0,22.3,22.0,22.3,20000,16,443400,3675,德微,otc
2014-12-26,22.4,22.5,22.1,22.25,38000,24,847950,3675,德微,otc
2014-12-27,22.25,22.3,22.1,22.25,43000,21,954850,3675,德微,otc
2014-12-29,22.45,22.45,21.7,22.1,46000,29,1013150,3675,德微,otc
2014-12-30,22.0,22.25,21.9,22.05,55000,26,1213000,3675,德微,otc
2014-12-31,22.15,23.4,22.1,23.4,186000,115,4253200,3675,德微,otc
2015-01-05,23.4,24.5,22.9,24.05,179000,113,4235900,3675,德微,otc
2015-01-06,23.95,23.95,23.0,23.5,104000,58,2434000,3675,德微,otc
2015-01-07,23.3,23.8,23.3,23.5,91000,35,2138700,3675,德微,otc
2015-01-08,23.7,24.5,23.7,24.1,132000,75,3186350,3675,德微,otc
2015-01-09,24.5,24.5,23.95,24.0,28000,20,673950,3675,德微,otc
2015-01-12,23.5,23.7,23.2,23.6,27000,21,636850,3675,德微,otc
2015-01-13,23.6,23.7,23.4,23.4,51000,22,1197700,3675,德微,otc
2015-01-14,24.1,24.1,23.6,23.65,31000,20,740050,3675,德微,otc
2015-01-15,23.5,23.65,23.45,23.65,32000,16,752000,3675,德微,otc
2015-01-16,23.55,23.55,23.25,23.3,60000,34,1405100,3675,德微,otc
2015-01-19,23.6,23.6,23.0,23.0,74000,30,1724750,3675,德微,otc
2015-01-20,23.15,23.45,23.15,23.4,31000,13,724950,3675,德微,otc
2015-01-21,23.4,23.5,23.2,23.3,37000,22,864700,3675,德微,otc
2015-01-22,23.45,23.5,23.25,23.25,50000,26,1165900,3675,德微,otc
2015-01-23,23.85,24.85,23.85,24.85,364000,168,8933150,3675,德微,otc
2015-01-26,26.55,26.55,26.55,26.55,394000,161,10460700,3675,德微,otc
2015-01-27,28.4,28.4,27.2,28.35,1662000,804,46642600,3675,德微,otc
2015-01-28,27.5,27.85,26.65,27.35,485000,325,13215300,3675,德微,otc
2015-01-29,26.6,27.5,26.6,27.25,322000,183,8710200,3675,德微,otc
2015-01-30,27.0,27.2,26.5,26.6,353000,195,9433200,3675,德微,otc
2015-02-02,26.1,27.2,26.1,26.8,212000,111,5656150,3675,德微,otc
2015-02-03,26.6,26.95,26.6,26.8,142000,75,3794600,3675,德微,otc
2015-02-04,27.5,27.5,26.7,26.8,157000,92,4223400,3675,德微,otc
2015-02-05,26.9,28.65,26.9,28.65,955000,454,26897750,3675,德微,otc
2015-02-06,28.55,29.4,27.85,29.0,1144000,603,32794000,3675,德微,otc
2015-02-09,28.7,28.7,28.0,28.05,368000,221,10395050,3675,德微,otc
2015-02-10,28.4,28.4,27.0,27.35,264000,160,7236850,3675,德微,otc
2015-02-11,27.35,27.55,27.0,27.4,167000,106,4557350,3675,德微,otc
2015-02-12,27.6,27.6,26.9,27.45,107000,70,2915150,3675,德微,otc
2015-02-13,27.45,27.45,26.9,26.9,298000,112,8092750,3675,德微,otc
2015-02-24,27.25,28.75,27.25,28.75,534000,263,15101300,3675,德微,otc
2015-02-25,29.55,30.3,29.1,29.45,998000,619,29529700,3675,德微,otc
2015-02-26,29.0,29.15,28.55,28.7,405000,225,11680900,3675,德微,otc
2015-03-02,28.95,30.3,28.7,29.2,329000,212,9684600,3675,德微,otc
2015-03-03,29.2,29.4,28.8,28.85,180000,112,5210200,3675,德微,otc
2015-03-04,28.55,28.55,28.1,28.35,276000,165,7806600,3675,德微,otc
2015-03-05,28.3,28.5,28.0,28.45,193000,100,5456800,3675,德微,otc
2015-03-06,28.45,29.5,28.2,29.35,203000,117,5834300,3675,德微,otc
2015-03-09,29.2,30.0,28.85,29.8,271000,152,7959250,3675,德微,otc
2015-03-10,29.65,29.65,29.0,29.0,177000,105,5169000,3675,德微,otc
2015-03-11,28.55,28.95,28.55,28.75,108000,75,3102800,3675,德微,otc
2015-03-12,28.75,28.9,28.6,28.65,143000,79,4106100,3675,德微,otc
2015-03-13,28.65,28.9,28.4,28.4,138000,80,3945800,3675,德微,otc
2015-03-16,27.6,28.1,27.5,27.5,168000,101,4664000,3675,德微,otc
2015-03-17,27.5,28.0,27.0,27.1,192000,117,5261650,3675,德微,otc
2015-03-18,27.0,27.2,27.0,27.2,56000,41,1517100,3675,德微,otc
2015-03-19,27.95,29.1,27.7,29.1,767000,374,22241850,3675,德微,otc
2015-03-20,28.4,28.7,28.35,28.55,502000,312,14310000,3675,德微,otc
2015-03-23,28.6,28.6,28.05,28.05,205000,114,5818500,3675,德微,otc
2015-03-24,28.05,28.45,28.0,28.2,99000,65,2794100,3675,德微,otc
2015-03-25,28.1,28.1,27.8,27.95,120000,70,3356200,3675,德微,otc
2015-03-26,27.8,28.05,27.25,28.05,77000,47,2139700,3675,德微,otc
2015-03-27,28.05,28.15,27.8,28.15,85000,50,2377100,3675,德微,otc
2015-03-30,28.1,29.2,28.1,28.65,244000,147,7029350,3675,德微,otc
2015-03-31,28.6,29.0,28.55,28.7,171000,102,4911400,3675,德微,otc
2015-04-01,28.7,28.9,28.25,28.7,186000,116,5319700,3675,德微,otc
2015-04-02,29.1,29.95,28.9,29.9,561000,270,16618750,3675,德微,otc
2015-04-07,30.0,31.8,29.95,31.6,1321000,644,41228250,3675,德微,otc
2015-04-08,31.8,32.0,30.55,31.0,655000,366,20374750,3675,德微,otc
2015-04-09,31.2,31.8,30.8,30.85,560000,280,17517200,3675,德微,otc
2015-04-10,31.2,31.75,31.0,31.0,352000,209,11004200,3675,德微,otc
2015-04-13,31.0,31.0,30.05,30.6,458000,229,13930900,3675,德微,otc
2015-04-14,30.95,32.3,30.9,31.35,488000,306,15431400,3675,德微,otc
2015-04-15,31.9,32.1,30.65,31.4,413000,273,12924650,3675,德微,otc
2015-04-16,32.3,33.15,31.8,33.0,1373000,757,44977100,3675,德微,otc
2015-04-17,34.7,34.9,33.7,33.8,1340000,705,45813350,3675,德微,otc
2015-04-20,33.8,34.9,33.25,33.4,690000,405,23480200,3675,德微,otc
2015-04-21,33.5,34.25,33.2,33.2,796000,321,26689750,3675,德微,otc
2015-04-22,33.25,35.5,33.2,35.5,1289000,719,44614300,3675,德微,otc
2015-04-23,37.95,37.95,36.15,36.8,1385000,790,51381850,3675,德微,otc
2015-04-24,36.0,36.5,34.95,35.3,686000,435,24425200,3675,德微,otc
2015-04-27,35.0,36.0,34.95,35.3,641000,375,22792700,3675,德微,otc
2015-04-28,36.3,36.4,34.8,35.0,473000,256,16661100,3675,德微,otc
2015-04-29,35.5,35.5,34.2,34.7,380000,196,13147400,3675,德微,otc
2015-04-30,34.85,35.85,34.55,34.75,414000,234,14523250,3675,德微,otc
2015-05-04,34.8,34.8,33.9,34.15,409000,223,14022000,3675,德微,otc
2015-05-05,34.45,34.85,34.0,34.15,220000,112,7545500,3675,德微,otc
2015-05-06,34.15,35.85,34.0,34.85,249000,179,8707950,3675,德微,otc
2015-05-07,34.8,35.15,34.1,34.1,215000,132,7406600,3675,德微,otc
2015-05-08,34.1,34.4,32.55,33.0,273000,188,9151700,3675,德微,otc
2015-05-11,33.5,33.5,30.7,31.45,378000,211,11886050,3675,德微,otc
2015-05-12,31.35,31.5,29.7,30.7,309000,182,9348150,3675,德微,otc
2015-05-13,30.7,31.4,30.7,31.25,119000,78,3711100,3675,德微,otc
2015-05-14,30.7,31.7,30.7,31.2,207000,126,6442300,3675,德微,otc
2015-05-15,31.25,31.75,31.0,31.45,222000,121,6935750,3675,德微,otc
2015-05-18,32.0,32.0,30.75,31.9,313000,186,9843550,3675,德微,otc
2015-05-19,32.0,33.8,31.9,33.5,765000,496,25127450,3675,德微,otc
2015-05-20,33.5,33.85,32.5,32.85,307000,218,10154300,3675,德微,otc
2015-05-21,32.5,33.25,32.0,32.1,189000,142,6132700,3675,德微,otc
2015-05-22,32.1,32.75,32.0,32.0,158000,98,5099800,3675,德微,otc
2015-05-25,32.35,32.35,31.3,31.35,170000,115,5357700,3675,德微,otc
2015-05-26,31.4,31.75,31.4,31.4,64000,45,2013550,3675,德微,otc
2015-05-27,31.4,31.55,31.0,31.05,164000,105,5110250,3675,德微,otc
2015-05-28,31.3,31.3,30.5,31.05,229000,145,7069050,3675,德微,otc
2015-05-29,31.0,32.7,30.9,32.5,307000,199,9834900,3675,德微,otc
2015-06-01,32.0,33.5,32.0,32.6,230000,171,7546800,3675,德微,otc
2015-06-02,32.5,32.6,31.5,31.55,193000,147,6179350,3675,德微,otc
2015-06-03,31.6,32.05,31.1,31.45,135000,96,4266500,3675,德微,otc
2015-06-04,31.45,31.6,29.15,29.3,338000,207,10144700,3675,德微,otc
2015-06-05,29.55,29.75,27.5,29.25,182000,123,5282950,3675,德微,otc
2015-06-08,29.25,29.25,28.0,29.1,147000,93,4187350,3675,德微,otc
2015-06-09,28.5,28.8,26.25,26.4,325000,151,8878950,3675,德微,otc
2015-06-10,26.9,28.4,26.9,27.9,119000,79,3298650,3675,德微,otc
2015-06-11,27.7,27.7,27.0,27.3,125000,65,3417100,3675,德微,otc
2015-06-12,26.8,29.6,26.8,29.15,308000,166,8851150,3675,德微,otc
2015-06-15,29.15,30.65,28.8,30.3,214000,116,6366550,3675,德微,otc
2015-06-16,30.5,30.5,29.0,29.7,159000,102,4710050,3675,德微,otc
2015-06-17,29.65,30.5,29.25,29.6,42000,35,1248000,3675,德微,otc
2015-06-18,29.5,29.85,29.5,29.75,20000,15,592900,3675,德微,otc
2015-06-22,30.0,30.4,29.5,29.95,122000,76,3624550,3675,德微,otc
2015-06-23,30.0,30.0,29.45,29.45,122000,85,3613300,3675,德微,otc
2015-06-24,29.4,29.5,28.75,28.85,91000,50,2636250,3675,德微,otc
2015-06-25,28.55,30.0,28.55,29.15,64000,48,1863200,3675,德微,otc
2015-06-26,28.9,29.0,28.25,28.35,48000,32,1368300,3675,德微,otc
2015-06-29,27.35,28.35,27.35,27.9,55000,33,1541450,3675,德微,otc
2015-06-30,28.4,29.2,28.0,28.4,52000,32,1465650,3675,德微,otc
2015-07-01,28.25,29.2,28.2,28.95,147000,50,4257050,3675,德微,otc
2015-07-02,28.75,29.05,28.5,28.95,72000,24,2066800,3675,德微,otc
2015-07-03,29.0,29.2,28.55,28.95,31000,17,898700,3675,德微,otc
2015-07-06,28.5,28.5,28.05,28.3,28000,21,793500,3675,德微,otc
2015-07-07,28.0,28.85,26.85,28.15,114000,79,3141500,3675,德微,otc
2015-07-08,27.7,27.75,27.0,27.0,109000,47,2951800,3675,德微,otc
2015-07-09,26.55,28.9,26.25,28.0,74000,48,2021500,3675,德微,otc
2015-07-13,28.2,28.2,27.7,28.0,17000,15,476300,3675,德微,otc
2015-07-14,27.85,28.0,27.0,27.0,113000,62,3088200,3675,德微,otc
2015-07-15,26.6,27.0,26.6,26.6,47000,24,1254600,3675,德微,otc
2015-07-16,26.95,27.45,26.55,26.65,15000,13,401250,3675,德微,otc
2015-07-17,27.45,27.45,26.5,26.65,22000,18,587750,3675,德微,otc
2015-07-20,26.65,27.3,26.0,26.9,51000,31,1353650,3675,德微,otc
2015-07-21,26.15,27.1,25.75,26.0,16000,16,419650,3675,德微,otc
2015-07-22,26.25,27.0,26.0,26.5,26000,22,687950,3675,德微,otc
2015-07-23,26.5,26.75,26.0,26.2,59000,33,1550250,3675,德微,otc
2015-07-24,26.95,26.95,26.2,26.3,10000,10,265400,3675,德微,otc
2015-07-27,26.9,28.4,26.0,26.0,149000,102,4080400,3675,德微,otc
2015-07-28,26.3,27.5,25.3,26.7,191000,116,5018850,3675,德微,otc
2015-07-29,27.3,27.3,26.5,27.0,53000,32,1422200,3675,德微,otc
2015-07-30,27.3,27.8,27.0,27.8,58000,40,1588150,3675,德微,otc
2015-07-31,27.8,28.25,27.4,28.25,104000,55,2909100,3675,德微,otc
2015-08-03,28.4,28.7,26.8,27.15,74000,56,2054450,3675,德微,otc
2015-08-04,27.15,27.75,25.6,26.0,150000,79,3952550,3675,德微,otc
2015-08-05,25.55,27.0,25.55,25.9,74000,54,1940000,3675,德微,otc
2015-08-06,25.7,26.3,25.05,25.55,88000,46,2251500,3675,德微,otc
2015-08-07,25.3,25.65,23.6,25.5,228000,108,5614450,3675,德微,otc
2015-08-10,24.0,25.0,23.9,24.95,276000,156,6697650,3675,德微,otc
2015-08-11,25.0,25.35,24.7,24.7,33000,24,828350,3675,德微,otc
2015-08-12,24.9,24.9,23.8,23.85,139000,76,3346400,3675,德微,otc
2015-08-13,24.2,24.6,23.6,24.2,74000,42,1778100,3675,德微,otc
2015-08-14,24.0,24.2,23.7,24.2,54000,29,1292450,3675,德微,otc
2015-08-17,24.15,24.15,23.75,23.75,18000,12,430450,3675,德微,otc
2015-08-18,23.5,23.8,23.5,23.55,39000,18,922550,3675,德微,otc
2015-08-19,23.55,23.55,23.0,23.2,63000,35,1463100,3675,德微,otc
2015-08-20,23.2,23.2,22.4,22.55,134000,83,3036400,3675,德微,otc
2015-08-21,21.6,22.0,20.7,21.0,219000,109,4679750,3675,德微,otc
2015-08-24,20.8,20.8,18.9,18.9,508000,161,9742700,3675,德微,otc
2015-08-25,18.0,19.25,17.5,18.9,140000,77,2562850,3675,德微,otc
2015-08-26,19.05,20.65,19.05,19.8,65000,47,1299300,3675,德微,otc
2015-08-27,19.6,21.6,19.6,20.7,169000,75,3555450,3675,德微,otc
2015-08-28,21.05,22.0,21.05,22.0,99000,53,2137550,3675,德微,otc
2015-08-31,22.0,23.1,21.95,22.15,92000,61,2059850,3675,德微,otc
2015-09-01,22.15,22.15,21.5,21.55,28000,24,605400,3675,德微,otc
2015-09-02,21.5,21.85,21.5,21.85,8000,8,173100,3675,德微,otc
2015-09-03,22.5,22.55,22.05,22.05,32000,20,711900,3675,德微,otc
2015-09-04,22.1,22.2,21.5,22.0,83000,34,1819200,3675,德微,otc
2015-09-07,22.5,22.5,21.05,21.95,43000,20,926750,3675,德微,otc
2015-09-08,21.9,22.3,21.6,22.2,29000,18,637400,3675,德微,otc
2015-09-09,22.3,23.2,22.3,22.8,59000,36,1347600,3675,德微,otc
2015-09-10,22.6,22.75,22.4,22.75,8000,7,180150,3675,德微,otc
2015-09-11,23.3,23.4,22.7,22.7,55000,27,1259400,3675,德微,otc
2015-09-14,23.5,23.5,22.45,22.9,63000,29,1434550,3675,德微,otc
2015-09-15,22.9,22.9,22.7,22.8,6000,4,136750,3675,德微,otc
2015-09-16,22.7,22.75,21.9,22.05,147000,66,3253500,3675,德微,otc
2015-09-17,22.4,22.4,22.0,22.3,66000,36,1460900,3675,德微,otc
2015-09-18,22.35,22.4,22.0,22.3,140000,64,3099650,3675,德微,otc
2015-09-21,22.5,22.5,22.0,22.0,55000,27,1210900,3675,德微,otc
2015-09-22,22.4,22.4,22.0,22.1,32000,19,707000,3675,德微,otc
2015-09-23,21.55,22.0,21.5,22.0,13000,10,282500,3675,德微,otc
2015-09-24,21.8,21.8,21.0,21.05,36000,25,763600,3675,德微,otc
2015-09-25,21.0,21.3,21.0,21.2,20000,10,422700,3675,德微,otc
2015-09-30,21.3,21.3,21.2,21.2,7000,4,148500,3675,德微,otc
2015-10-01,21.0,21.9,21.0,21.65,28000,17,604400,3675,德微,otc
2015-10-02,21.0,22.25,21.0,22.0,48000,30,1050500,3675,德微,otc
2015-10-05,22.0,22.4,21.9,22.35,65000,34,1440000,3675,德微,otc
2015-10-06,23.0,23.1,22.4,22.4,163000,74,3677750,3675,德微,otc
2015-10-07,22.65,22.65,22.0,22.3,188000,74,4174150,3675,德微,otc
2015-10-08,22.35,22.4,21.85,21.85,74000,41,1636700,3675,德微,otc
2015-10-12,22.3,22.5,21.9,22.0,51000,22,1134250,3675,德微,otc
2015-10-13,22.0,22.5,22.0,22.45,100000,46,2221300,3675,德微,otc
2015-10-14,22.4,22.45,22.1,22.45,68000,28,1509800,3675,德微,otc
2015-10-15,22.4,23.8,22.25,23.8,404000,191,9240750,3675,德微,otc
2015-10-16,24.0,24.3,23.3,23.5,175000,101,4160550,3675,德微,otc
2015-10-19,23.5,23.5,23.0,23.05,65000,37,1507050,3675,德微,otc
2015-10-20,23.05,23.75,23.05,23.5,122000,64,2857650,3675,德微,otc
2015-10-21,23.8,25.1,23.4,24.3,228000,122,5520750,3675,德微,otc
2015-10-22,24.3,24.3,23.75,23.75,63000,51,1514150,3675,德微,otc
2015-10-23,24.45,24.45,23.7,23.7,50000,32,1194200,3675,德微,otc
2015-10-26,24.0,24.3,23.8,23.85,62000,37,1484550,3675,德微,otc
2015-10-27,26.0,26.2,25.4,26.2,425000,165,11080250,3675,德微,otc
2015-10-28,25.6,27.5,25.6,26.0,749000,465,19686050,3675,德微,otc
2015-10-29,26.15,26.2,25.5,25.5,227000,152,5858300,3675,德微,otc
2015-10-30,25.55,26.1,25.0,25.0,309000,151,7775950,3675,德微,otc
2015-11-02,25.0,25.4,25.0,25.3,145000,91,3648500,3675,德微,otc
2015-11-03,25.5,25.65,25.4,25.5,118000,63,3009700,3675,德微,otc
2015-11-04,25.8,26.95,25.65,26.3,271000,158,7166200,3675,德微,otc
2015-11-05,25.4,25.75,25.3,25.35,289000,175,7359550,3675,德微,otc
2015-11-06,25.2,25.2,24.2,24.45,262000,165,6466200,3675,德微,otc
2015-11-09,24.7,24.8,23.25,23.7,119000,84,2848300,3675,德微,otc
2015-11-10,23.55,23.55,23.05,23.2,102000,62,2365650,3675,德微,otc
2015-11-11,23.5,23.5,23.2,23.2,95000,48,2217500,3675,德微,otc
2015-11-12,23.2,23.2,22.75,23.2,58000,39,1330650,3675,德微,otc
2015-11-13,23.0,23.2,22.85,22.85,45000,27,1034150,3675,德微,otc
2015-11-16,22.5,22.85,22.2,22.5,46000,33,1031750,3675,德微,otc
2015-11-17,23.0,23.2,22.95,23.2,58000,36,1337700,3675,德微,otc
2015-11-18,23.2,23.2,22.65,23.1,30000,21,688400,3675,德微,otc
2015-11-19,23.1,23.2,22.75,23.0,77000,45,1768000,3675,德微,otc
2015-11-20,23.15,23.4,23.0,23.05,30000,29,693700,3675,德微,otc
2015-11-23,23.1,23.1,23.0,23.0,21000,18,484050,3675,德微,otc
2015-11-24,23.0,23.35,22.9,22.9,33000,27,762450,3675,德微,otc
2015-11-25,23.25,23.25,22.8,22.8,37000,25,849150,3675,德微,otc
2015-11-26,22.85,23.0,22.7,22.7,122000,40,2785000,3675,德微,otc
2015-11-27,22.75,22.85,22.6,22.7,82000,31,1863900,3675,德微,otc
2015-11-30,22.5,22.5,22.0,22.15,45000,32,1004900,3675,德微,otc
2015-12-01,22.3,22.3,22.0,22.1,48000,32,1063800,3675,德微,otc
2015-12-02,22.2,22.3,22.0,22.3,60000,34,1327900,3675,德微,otc
2015-12-03,22.1,22.15,21.9,22.05,119000,61,2618550,3675,德微,otc
2015-12-04,22.0,22.0,21.75,22.0,89000,48,1942400,3675,德微,otc
2015-12-07,22.1,22.65,22.0,22.6,216000,109,4843400,3675,德微,otc
2015-12-08,22.6,22.6,22.05,22.1,47000,34,1042850,3675,德微,otc
2015-12-09,22.3,22.35,21.7,21.85,44000,28,972400,3675,德微,otc
2015-12-10,22.05,23.9,21.9,22.5,91000,68,2065050,3675,德微,otc
2015-12-11,22.5,22.75,22.1,22.1,29000,19,648700,3675,德微,otc
2015-12-14,21.8,21.8,21.3,21.55,89000,42,1919850,3675,德微,otc
2015-12-15,21.8,21.9,21.7,21.9,36000,18,783050,3675,德微,otc
2015-12-16,22.3,22.5,22.05,22.05,17000,12,377950,3675,德微,otc
2015-12-17,22.5,22.7,22.25,22.5,21000,15,471700,3675,德微,otc
2015-12-18,22.4,22.5,22.25,22.3,19000,13,424600,3675,德微,otc
2015-12-21,22.3,22.55,22.3,22.5,18000,14,403800,3675,德微,otc
2015-12-22,22.4,22.9,22.4,22.6,23000,10,518400,3675,德微,otc
2015-12-23,22.6,22.8,22.5,22.5,6000,6,135600,3675,德微,otc
2015-12-24,22.35,22.7,22.35,22.4,14000,12,316850,3675,德微,otc
2015-12-25,22.3,22.3,22.2,22.2,6000,5,133450,3675,德微,otc
2015-12-28,22.1,22.1,22.05,22.1,4000,4,88350,3675,德微,otc
2015-12-29,22.1,22.1,21.9,21.9,14000,9,308400,3675,德微,otc
2015-12-30,21.95,22.0,21.95,22.0,15000,7,329950,3675,德微,otc
2015-12-31,22.1,22.1,21.65,22.05,40000,24,872050,3675,德微,otc
2016-01-04,22.1,22.95,22.05,22.45,23000,16,514150,3675,德微,otc
2016-01-05,22.2,22.3,22.2,22.3,3000,3,66800,3675,德微,otc
2016-01-06,22.65,22.65,21.7,22.0,23000,16,508050,3675,德微,otc
2016-01-07,22.7,22.7,21.7,21.8,53000,38,1170900,3675,德微,otc
2016-01-08,21.5,22.3,21.3,22.3,36000,15,779800,3675,德微,otc
2016-01-11,22.25,22.6,21.8,22.6,68000,39,1509500,3675,德微,otc
2016-01-12,22.6,22.85,22.05,22.05,89000,37,2008550,3675,德微,otc
2016-01-13,22.5,22.5,22.0,22.0,22000,14,485600,3675,德微,otc
2016-01-14,22.0,22.0,21.5,21.5,78000,36,1687850,3675,德微,otc
2016-01-15,21.6,22.0,21.5,21.5,15000,9,323900,3675,德微,otc
2016-01-18,21.5,22.0,21.5,21.9,39000,19,848750,3675,德微,otc
2016-01-19,21.6,22.3,21.5,22.0,98000,38,2124100,3675,德微,otc
2016-01-20,22.0,22.0,21.55,21.55,53000,29,1150850,3675,德微,otc
2016-01-21,21.8,21.95,21.4,21.95,22000,16,479500,3675,德微,otc
2016-01-22,21.5,21.7,21.5,21.7,4000,4,86300,3675,德微,otc
2016-01-25,21.95,21.95,21.75,21.75,27000,8,590150,3675,德微,otc
2016-01-26,21.65,21.65,21.6,21.6,5000,4,108100,3675,德微,otc
2016-01-27,22.0,22.0,21.6,21.6,13000,5,283300,3675,德微,otc
2016-01-28,21.6,21.85,21.5,21.85,12000,8,259000,3675,德微,otc
2016-01-29,21.9,22.2,21.5,22.2,68000,27,1475950,3675,德微,otc
2016-01-30,22.5,22.5,22.2,22.25,37000,23,827800,3675,德微,otc
2016-02-01,22.25,23.45,22.25,23.15,151000,89,3486100,3675,德微,otc
2016-02-02,23.3,23.5,23.0,23.25,103000,64,2390400,3675,德微,otc
2016-02-03,23.25,23.3,22.8,22.85,83000,47,1914100,3675,德微,otc
2016-02-15,22.0,23.15,22.0,22.85,51000,34,1144550,3675,德微,otc
2016-02-16,22.85,23.4,22.8,23.0,90000,46,2072300,3675,德微,otc
2016-02-17,23.15,23.15,22.9,23.0,41000,23,945150,3675,德微,otc
2016-02-18,23.2,23.2,23.0,23.05,73000,34,1686050,3675,德微,otc
2016-02-19,23.2,23.3,23.0,23.3,83000,38,1923000,3675,德微,otc
2016-02-22,23.5,25.55,23.5,24.45,176000,115,4293650,3675,德微,otc
2016-02-23,24.45,24.45,24.1,24.35,66000,45,1599850,3675,德微,otc
2016-02-24,23.85,24.1,23.7,24.1,64000,41,1527600,3675,德微,otc
2016-02-25,24.35,24.5,24.1,24.5,90000,48,2191300,3675,德微,otc
2016-02-26,24.6,24.6,24.2,24.25,40000,29,974700,3675,德微,otc
2016-03-01,26.65,26.65,26.65,26.65,554000,181,14764100,3675,德微,otc
2016-03-02,28.0,28.8,26.05,26.65,861000,536,23898900,3675,德微,otc
2016-03-03,26.5,26.85,26.1,26.25,187000,126,4946900,3675,德微,otc
2016-03-04,26.25,26.25,25.6,25.65,182000,116,4699550,3675,德微,otc
2016-03-07,25.9,26.75,25.55,25.55,131000,70,3408400,3675,德微,otc
2016-03-08,25.35,25.55,24.1,25.0,146000,87,3648700,3675,德微,otc
2016-03-09,25.0,25.0,24.4,24.8,153000,87,3779150,3675,德微,otc
2016-03-10,24.8,25.4,24.65,25.4,104000,63,2598800,3675,德微,otc
2016-03-11,25.0,25.55,25.0,25.3,70000,39,1767200,3675,德微,otc
2016-03-14,25.1,25.5,25.0,25.2,80000,50,2014600,3675,德微,otc
2016-03-15,25.3,25.3,24.2,24.2,160000,77,3951450,3675,德微,otc
2016-03-16,24.2,24.5,24.1,24.2,34000,24,825150,3675,德微,otc
2016-03-17,24.3,24.4,23.6,24.4,95000,65,2277650,3675,德微,otc
2016-03-18,24.4,25.0,24.1,24.45,112000,62,2748100,3675,德微,otc
2016-03-21,24.6,24.7,24.25,24.3,34000,24,831150,3675,德微,otc
2016-03-22,24.7,24.7,24.2,24.65,31000,25,754700,3675,德微,otc
2016-03-23,24.65,24.65,24.2,24.2,33000,22,801850,3675,德微,otc
2016-03-24,24.3,24.7,24.3,24.3,49000,32,1198400,3675,德微,otc
2016-03-25,24.5,24.7,24.1,24.1,20000,19,486100,3675,德微,otc
2016-03-28,24.1,24.1,23.55,23.55,75000,53,1777650,3675,德微,otc
2016-03-29,23.5,23.55,23.1,23.3,69000,32,1604350,3675,德微,otc
2016-03-30,23.5,23.9,23.5,23.8,27000,26,642250,3675,德微,otc
2016-03-31,24.4,24.4,23.8,24.25,9000,8,215950,3675,德微,otc
2016-04-01,24.2,24.25,23.65,24.15,20000,13,478600,3675,德微,otc
2016-04-06,24.15,24.9,24.15,24.8,88000,50,2159250,3675,德微,otc
2016-04-07,25.0,25.0,24.3,24.3,65000,29,1607100,3675,德微,otc
2016-04-08,24.3,24.55,24.25,24.4,37000,24,900500,3675,德微,otc
2016-04-11,24.2,24.45,24.15,24.4,14000,12,340250,3675,德微,otc
2016-04-12,24.6,24.6,24.0,24.0,33000,21,794800,3675,德微,otc
2016-04-13,23.85,24.25,23.85,24.2,9000,9,216700,3675,德微,otc
2016-04-14,24.2,24.3,24.1,24.2,11000,8,266250,3675,德微,otc
2016-04-15,24.2,24.3,24.15,24.15,9000,7,217900,3675,德微,otc
2016-04-18,24.2,24.4,24.0,24.2,30000,15,725850,3675,德微,otc
2016-04-19,24.5,24.5,24.0,24.25,13000,10,313200,3675,德微,otc
2016-04-20,24.25,24.25,24.05,24.05,20000,12,482250,3675,德微,otc
2016-04-21,24.0,24.0,23.9,23.9,22000,17,527400,3675,德微,otc
2016-04-22,23.9,24.35,23.9,23.95,35000,29,841350,3675,德微,otc
2016-04-25,23.95,23.95,23.6,23.6,10000,9,237700,3675,德微,otc
2016-04-26,23.6,23.6,23.6,23.6,2000,2,47200,3675,德微,otc
2016-04-27,23.7,23.8,23.7,23.75,6000,5,142450,3675,德微,otc
2016-04-28,23.8,23.8,23.75,23.75,3000,2,71300,3675,德微,otc
2016-04-29,23.4,23.4,21.8,23.1,79000,47,1799100,3675,德微,otc
2016-05-03,22.6,22.7,22.5,22.6,10000,8,226200,3675,德微,otc
2016-05-04,22.7,22.85,22.05,22.2,18000,15,401750,3675,德微,otc
2016-05-05,22.45,22.45,22.15,22.4,8000,7,178900,3675,德微,otc
2016-05-06,22.0,22.1,22.0,22.1,17000,8,374100,3675,德微,otc
2016-05-09,22.1,22.1,21.65,21.8,27000,14,590550,3675,德微,otc
2016-05-10,21.8,22.2,21.8,22.2,14000,10,307500,3675,德微,otc
2016-05-11,22.2,22.7,22.2,22.2,9000,9,202350,3675,德微,otc
2016-05-12,22.6,22.6,21.5,21.75,41000,30,895250,3675,德微,otc
2016-05-13,21.6,21.9,21.6,21.8,26000,14,566850,3675,德微,otc
2016-05-16,22.25,23.0,22.25,22.9,38000,23,857150,3675,德微,otc
2016-05-17,23.0,23.0,22.5,22.5,38000,28,867900,3675,德微,otc
2016-05-18,22.0,22.95,22.0,22.3,19000,12,432300,3675,德微,otc
2016-05-19,23.0,23.0,22.1,22.5,14000,13,311800,3675,德微,otc
2016-05-20,22.65,23.0,22.65,23.0,3000,3,68650,3675,德微,otc
2016-05-23,23.0,23.2,22.8,23.1,10000,7,230500,3675,德微,otc
2016-05-24,23.0,23.3,22.4,22.55,7000,6,158850,3675,德微,otc
2016-05-25,22.55,22.55,22.4,22.45,11000,11,247300,3675,德微,otc
2016-05-26,22.75,22.75,22.35,22.35,16000,13,360950,3675,德微,otc
2016-05-27,22.35,22.35,22.35,22.35,1000,1,22350,3675,德微,otc
2016-05-30,22.9,22.9,22.4,22.6,22000,14,494700,3675,德微,otc
2016-05-31,22.7,23.0,22.7,23.0,8000,7,182800,3675,德微,otc
2016-06-01,23.25,23.25,23.0,23.0,64000,20,1472350,3675,德微,otc
2016-06-02,23.1,23.1,23.0,23.1,30000,10,690300,3675,德微,otc
2016-06-03,23.1,23.35,23.1,23.35,10000,10,232850,3675,德微,otc
2016-06-04,23.15,23.5,23.15,23.3,51000,12,1188400,3675,德微,otc
2016-06-06,23.3,24.35,23.3,24.05,113000,48,2694400,3675,德微,otc
2016-06-07,24.1,24.2,23.95,24.2,44000,26,1059200,3675,德微,otc
2016-06-08,24.1,24.25,24.0,24.2,20000,10,482600,3675,德微,otc
2016-06-13,22.1,24.2,22.1,23.75,65000,24,1536600,3675,德微,otc
2016-06-14,24.1,24.1,23.65,23.7,6000,5,143650,3675,德微,otc
2016-06-15,24.05,24.6,23.7,24.55,33000,19,795050,3675,德微,otc
2016-06-17,24.1,24.6,24.1,24.6,44000,20,1077900,3675,德微,otc
2016-06-20,24.5,24.6,24.2,24.3,28000,17,685400,3675,德微,otc
2016-06-21,24.3,24.8,24.3,24.4,41000,22,1006100,3675,德微,otc
2016-06-22,24.25,24.5,24.1,24.4,39000,20,942700,3675,德微,otc
2016-06-23,24.4,24.4,24.2,24.2,23000,10,557000,3675,德微,otc
2016-06-24,24.6,24.6,23.7,23.9,12000,8,285600,3675,德微,otc
2016-06-27,23.7,24.45,23.7,24.2,29000,7,694800,3675,德微,otc
2016-06-28,23.8,24.2,23.8,23.95,21000,8,502000,3675,德微,otc
2016-06-29,24.4,24.75,24.0,24.1,24000,13,579450,3675,德微,otc
2016-06-30,24.1,24.3,24.1,24.2,40000,8,965000,3675,德微,otc
2016-07-01,24.25,24.55,24.25,24.35,10000,7,243100,3675,德微,otc
2016-07-04,24.5,24.5,24.45,24.45,8000,5,195650,3675,德微,otc
2016-07-06,24.1,24.15,24.0,24.0,25000,13,602100,3675,德微,otc
2016-07-07,23.9,24.1,23.9,24.0,13000,9,311300,3675,德微,otc
2016-07-11,24.0,24.05,24.0,24.05,6000,3,144100,3675,德微,otc
2016-07-12,24.1,24.1,24.1,24.1,27000,4,650700,3675,德微,otc
2016-07-13,24.1,24.25,24.1,24.25,13000,7,313750,3675,德微,otc
2016-07-14,24.2,24.25,24.15,24.15,11000,8,265900,3675,德微,otc
2016-07-15,24.5,24.7,24.4,24.4,43000,29,1055900,3675,德微,otc
2016-07-18,24.5,24.5,24.1,24.35,12000,7,290650,3675,德微,otc
2016-07-19,24.1,24.1,24.0,24.0,15000,5,360750,3675,德微,otc
2016-07-20,24.0,24.0,24.0,24.0,14000,9,336000,3675,德微,otc
2016-07-21,24.0,24.5,24.0,24.5,15000,7,365000,3675,德微,otc
2016-07-22,24.1,24.5,24.1,24.4,17000,8,413500,3675,德微,otc
2016-07-25,24.7,25.0,24.5,24.55,46000,30,1134500,3675,德微,otc
2016-07-26,24.7,24.7,24.4,24.4,14000,6,345350,3675,德微,otc
2016-07-27,24.4,24.4,24.3,24.4,6000,5,146200,3675,德微,otc
2016-07-28,24.85,26.8,24.85,26.8,397000,225,10299750,3675,德微,otc
2016-07-29,27.0,27.0,26.0,26.3,196000,124,5178350,3675,德微,otc
2016-08-01,26.25,26.7,25.9,26.2,67000,47,1753750,3675,德微,otc
2016-08-02,26.2,26.3,26.0,26.3,44000,22,1153350,3675,德微,otc
2016-08-03,26.0,26.1,25.7,25.7,53000,24,1372400,3675,德微,otc
2016-08-04,25.7,26.0,25.5,25.5,101000,56,2596300,3675,德微,otc
2016-08-05,25.2,26.1,25.2,25.4,38000,26,968050,3675,德微,otc
2016-08-08,25.25,25.25,24.8,25.1,104000,53,2602400,3675,德微,otc
2016-08-09,25.1,25.2,25.1,25.1,33000,13,828800,3675,德微,otc
2016-08-10,25.1,25.3,25.0,25.3,24000,13,602300,3675,德微,otc
2016-08-11,25.3,25.3,24.8,24.9,53000,21,1319350,3675,德微,otc
2016-08-12,25.0,25.25,24.95,25.0,31000,16,776300,3675,德微,otc
2016-08-15,24.65,25.1,24.65,25.0,24000,14,598650,3675,德微,otc
2016-08-16,24.45,24.55,24.45,24.55,20000,12,490050,3675,德微,otc
2016-08-17,24.6,25.95,24.6,25.25,65000,42,1638100,3675,德微,otc
2016-08-18,25.2,25.2,24.6,24.65,42000,19,1042150,3675,德微,otc
2016-08-19,24.6,24.85,24.6,24.75,29000,17,716450,3675,德微,otc
2016-08-22,24.4,24.45,24.4,24.45,11000,7,268900,3675,德微,otc
2016-08-23,23.9,24.7,23.9,24.7,21000,10,513700,3675,德微,otc
2016-08-24,24.7,24.7,24.6,24.65,24000,7,591500,3675,德微,otc
2016-08-25,24.7,25.3,24.6,25.0,42000,18,1042650,3675,德微,otc
2016-08-29,24.7,24.7,24.6,24.6,9000,6,221900,3675,德微,otc
2016-08-31,24.5,24.5,23.85,24.4,17000,14,410300,3675,德微,otc
2016-09-01,23.95,24.4,23.95,23.95,4000,4,96250,3675,德微,otc
2016-09-02,24.1,24.4,24.0,24.4,9000,8,217400,3675,德微,otc
2016-09-05,24.4,25.0,24.4,25.0,9000,7,223950,3675,德微,otc
2016-09-06,24.7,25.9,24.7,25.6,108000,73,2749400,3675,德微,otc
2016-09-07,25.6,25.8,25.0,25.15,72000,51,1833550,3675,德微,otc
2016-09-08,25.05,25.25,24.9,25.05,45000,27,1128300,3675,德微,otc
2016-09-09,24.7,25.15,24.7,25.15,5000,5,124500,3675,德微,otc
2016-09-10,25.0,25.05,24.9,24.9,5000,5,124900,3675,德微,otc
2016-09-12,25.5,25.5,24.4,25.0,45000,18,1123500,3675,德微,otc
2016-09-13,25.3,27.5,25.3,27.5,692000,362,18699150,3675,德微,otc
2016-09-14,29.65,30.25,29.5,30.25,2621000,1101,78933150,3675,德微,otc
2016-09-19,31.3,31.5,30.0,31.3,2547000,1428,78370850,3675,德微,otc
2016-09-20,31.2,32.3,30.8,32.15,1199000,721,37851900,3675,德微,otc
2016-09-21,31.8,32.95,31.3,32.0,824000,564,26379350,3675,德微,otc
2016-09-22,31.5,31.8,30.1,30.8,1148000,686,35291850,3675,德微,otc
2016-09-23,31.0,32.0,30.2,31.6,841000,558,26233250,3675,德微,otc
2016-09-26,31.8,34.3,30.6,30.6,1767000,1151,56907850,3675,德微,otc
2016-09-29,30.6,31.3,30.3,30.5,494000,322,15186050,3675,德微,otc
2016-09-30,30.5,30.9,30.35,30.65,142000,100,4345900,3675,德微,otc
2016-10-03,30.7,30.95,29.35,30.1,383000,249,11509000,3675,德微,otc
2016-10-04,30.1,30.1,29.45,29.7,334000,180,9901400,3675,德微,otc
2016-10-05,29.9,30.75,29.85,30.6,271000,198,8243500,3675,德微,otc
2016-10-06,30.3,30.5,29.95,30.3,156000,106,4717600,3675,德微,otc
2016-10-07,29.85,30.1,29.45,29.45,316000,195,9366800,3675,德微,otc
2016-10-11,29.35,29.45,26.9,27.0,595000,347,16580850,3675,德微,otc
2016-10-12,26.75,27.45,26.6,27.3,147000,105,3962150,3675,德微,otc
2016-10-13,27.3,27.5,27.0,27.0,83000,59,2261350,3675,德微,otc
2016-10-14,27.0,27.35,26.3,27.2,255000,144,6831750,3675,德微,otc
2016-10-17,27.2,27.2,26.5,27.1,92000,56,2474550,3675,德微,otc
2016-10-18,27.0,28.4,26.9,28.25,157000,119,4347400,3675,德微,otc
2016-10-19,28.8,28.95,28.2,28.75,290000,163,8301050,3675,德微,otc
2016-10-20,28.8,28.95,28.1,28.7,149000,93,4261400,3675,德微,otc
2016-10-21,28.7,28.9,28.2,28.25,135000,87,3855500,3675,德微,otc
2016-10-24,28.2,28.2,27.8,27.95,61000,48,1706300,3675,德微,otc
2016-10-25,27.95,28.25,27.6,27.7,101000,74,2809700,3675,德微,otc
2016-10-26,27.6,27.65,27.4,27.65,47000,31,1292300,3675,德微,otc
2016-10-27,27.65,28.25,27.65,27.95,86000,64,2413150,3675,德微,otc
2016-10-28,27.95,28.5,27.95,28.2,80000,64,2263450,3675,德微,otc
2016-10-31,28.2,28.9,28.2,28.25,91000,71,2591900,3675,德微,otc
2016-11-01,28.25,28.5,28.05,28.05,45000,36,1267950,3675,德微,otc
2016-11-02,27.6,27.95,26.3,26.3,163000,111,4391850,3675,德微,otc
2016-11-03,26.55,26.7,26.25,26.5,113000,63,2989100,3675,德微,otc
2016-11-04,26.7,26.85,26.25,26.25,111000,58,2930350,3675,德微,otc
2016-11-07,26.5,27.0,26.35,27.0,106000,52,2822500,3675,德微,otc
2016-11-08,27.1,27.1,26.6,26.75,86000,31,2308550,3675,德微,otc
2016-11-09,26.9,27.0,25.5,25.7,335000,142,8758300,3675,德微,otc
2016-11-10,26.7,26.8,26.2,26.55,87000,44,2311400,3675,德微,otc
2016-11-11,26.65,27.2,26.25,26.8,127000,66,3392900,3675,德微,otc
2016-11-14,27.35,27.35,26.7,27.0,53000,37,1428600,3675,德微,otc
2016-11-15,26.8,27.1,26.8,26.85,38000,18,1024250,3675,德微,otc
2016-11-16,27.1,27.1,26.85,27.0,21000,19,566450,3675,德微,otc
2016-11-17,26.45,27.0,26.4,27.0,16000,14,428100,3675,德微,otc
2016-11-18,26.55,27.55,26.55,27.45,47000,28,1275200,3675,德微,otc
2016-11-21,27.45,27.8,27.45,27.65,60000,46,1661050,3675,德微,otc
2016-11-22,27.8,27.8,27.6,27.8,21000,18,582900,3675,德微,otc
2016-11-23,27.5,27.5,27.3,27.3,23000,19,630600,3675,德微,otc
2016-11-24,27.3,27.5,26.8,27.0,66000,51,1788750,3675,德微,otc
2016-11-25,26.95,26.95,26.6,26.9,79000,45,2111950,3675,德微,otc
2016-11-28,27.0,27.15,26.9,26.95,31000,16,837450,3675,德微,otc
2016-11-29,26.9,27.3,26.85,27.0,20000,17,540900,3675,德微,otc
2016-11-30,27.3,27.35,26.9,27.0,31000,22,840900,3675,德微,otc
2016-12-01,27.0,27.15,26.75,27.15,28000,24,754000,3675,德微,otc
2016-12-02,27.45,27.45,27.1,27.25,32000,23,871900,3675,德微,otc
2016-12-05,27.8,27.9,27.0,27.75,115000,70,3154850,3675,德微,otc
2016-12-06,28.35,30.5,28.2,29.5,1392000,769,41650750,3675,德微,otc
2016-12-07,29.55,30.4,29.35,30.2,448000,271,13329200,3675,德微,otc
2016-12-08,30.4,30.4,29.6,29.8,166000,107,4959350,3675,德微,otc
2016-12-09,30.0,30.1,29.3,29.4,179000,94,5287600,3675,德微,otc
2016-12-12,29.65,29.65,28.75,29.25,147000,82,4291050,3675,德微,otc
2016-12-13,29.65,29.65,29.2,29.3,104000,53,3050500,3675,德微,otc
2016-12-14,29.6,32.15,29.6,32.15,1475000,773,46189200,3675,德微,otc
2016-12-15,31.2,32.0,31.1,31.4,571000,332,17993250,3675,德微,otc
2016-12-16,31.8,34.45,31.5,33.3,1761000,1045,58737700,3675,德微,otc
2016-12-19,33.3,33.45,31.5,31.7,761000,457,24539000,3675,德微,otc
2016-12-20,31.3,32.9,30.8,32.9,540000,339,17098000,3675,德微,otc
2016-12-21,32.9,33.8,32.2,32.5,766000,479,25205500,3675,德微,otc
2016-12-22,32.45,32.85,31.9,32.5,441000,293,14315800,3675,德微,otc
2016-12-23,33.1,35.3,30.5,30.5,4275000,2473,142197500,3675,德微,otc
2016-12-26,30.5,31.15,29.85,30.5,768000,484,23411900,3675,德微,otc
2016-12-27,30.8,31.05,30.6,30.65,313000,183,9640150,3675,德微,otc
2016-12-28,30.65,32.2,30.6,31.85,728000,418,22998300,3675,德微,otc
2016-12-29,31.55,32.15,31.4,31.5,336000,170,10650950,3675,德微,otc
2016-12-30,31.5,32.5,31.5,32.0,279000,187,8963950,3675,德微,otc
2017-01-03,32.0,33.1,31.75,31.9,581000,303,18696900,3675,德微,otc
2017-01-04,32.15,32.3,31.8,31.85,232000,124,7407700,3675,德微,otc
2017-01-05,32.0,32.35,31.85,32.0,265000,143,8487850,3675,德微,otc
2017-01-06,32.35,33.0,32.15,32.55,532000,311,17316100,3675,德微,otc
2017-01-09,33.2,33.8,32.35,32.35,517000,278,17020050,3675,德微,otc
2017-01-10,32.2,32.65,32.2,32.6,135000,93,4380750,3675,德微,otc
2017-01-11,32.7,32.8,32.05,32.6,157000,84,5082650,3675,德微,otc
2017-01-12,32.7,32.8,32.15,32.15,111000,69,3598600,3675,德微,otc
2017-01-13,32.1,32.1,31.65,31.65,220000,89,6998350,3675,德微,otc
2017-01-16,31.6,31.6,30.7,30.75,201000,126,6209050,3675,德微,otc
2017-01-17,30.65,30.95,30.6,30.9,141000,94,4331450,3675,德微,otc
2017-01-18,30.65,30.9,30.65,30.85,76000,62,2336950,3675,德微,otc
2017-01-19,31.2,32.35,30.85,31.8,265000,156,8415050,3675,德微,otc
2017-01-20,31.9,33.3,31.9,33.2,630000,357,20690050,3675,德微,otc
2017-01-23,33.7,34.5,32.8,32.95,526000,318,17717100,3675,德微,otc
2017-01-24,33.4,33.75,32.7,32.95,291000,183,9637650,3675,德微,otc
2017-02-02,34.0,34.1,33.2,33.65,388000,245,13059850,3675,德微,otc
2017-02-03,34.3,35.8,34.1,34.5,1132000,666,39631450,3675,德微,otc
2017-02-06,34.6,34.6,33.65,34.0,345000,210,11702600,3675,德微,otc
2017-02-07,35.0,36.45,35.0,35.2,1527000,913,54556150,3675,德微,otc
2017-02-08,35.3,36.8,34.95,36.7,1048000,629,37664250,3675,德微,otc
2017-02-09,36.1,37.1,35.7,35.8,817000,521,29626300,3675,德微,otc
2017-02-10,35.8,36.2,35.2,35.25,504000,321,17917750,3675,德微,otc
2017-02-13,35.5,35.55,35.05,35.4,222000,139,7844900,3675,德微,otc
2017-02-14,35.6,36.85,35.55,36.05,826000,474,29942850,3675,德微,otc
2017-02-15,35.75,36.3,35.75,36.25,207000,124,7464200,3675,德微,otc
2017-02-16,36.8,38.8,36.8,37.6,1780000,1186,67413100,3675,德微,otc
2017-02-17,37.6,38.3,36.9,37.5,619000,411,23307000,3675,德微,otc
2017-02-18,37.5,37.8,37.15,37.8,247000,169,9250450,3675,德微,otc
2017-02-20,37.8,38.95,37.45,38.5,752000,468,28858300,3675,德微,otc
2017-02-21,42.35,42.35,40.6,42.35,4242000,1655,178373750,3675,德微,otc
2017-02-22,42.35,45.9,42.1,43.0,4253000,2532,185314650,3675,德微,otc
2017-02-23,43.1,46.2,43.1,44.9,2634000,1632,117320450,3675,德微,otc
2017-02-24,46.05,46.05,44.15,44.2,1421000,866,63869100,3675,德微,otc
2017-03-01,44.85,45.35,44.2,45.2,1202000,682,53937450,3675,德微,otc
2017-03-02,45.75,47.4,45.2,45.5,2219000,1374,102577200,3675,德微,otc
2017-03-03,45.1,50.0,45.1,50.0,2070000,1291,98779700,3675,德微,otc
2017-03-06,52.2,53.3,50.0,51.0,3573000,2256,184942500,3675,德微,otc
2017-03-07,51.2,52.8,50.6,51.2,1408000,923,72456500,3675,德微,otc
2017-03-08,51.7,52.9,50.7,52.7,1727000,1108,89881600,3675,德微,otc
2017-03-09,54.0,54.4,51.3,51.7,1728000,1056,90846000,3675,德微,otc
2017-03-10,51.6,52.3,49.55,51.5,1431000,911,72724400,3675,德微,otc
2017-03-13,51.6,51.9,49.85,49.9,1019000,669,51491800,3675,德微,otc
2017-03-14,49.9,50.9,49.6,50.1,681000,462,34226500,3675,德微,otc
2017-03-15,50.1,50.8,49.65,50.1,443000,290,22259600,3675,德微,otc
2017-03-16,50.6,51.6,50.5,51.2,849000,563,43307400,3675,德微,otc
2017-03-17,51.8,51.8,49.95,50.2,665000,416,33540850,3675,德微,otc
2017-03-20,50.5,51.3,50.0,50.8,446000,298,22552200,3675,德微,otc
2017-03-21,50.8,51.2,50.0,50.0,372000,231,18769100,3675,德微,otc
2017-03-22,48.8,50.4,48.8,49.9,369000,256,18388950,3675,德微,otc
2017-03-23,50.3,51.9,50.3,50.8,762000,510,38951100,3675,德微,otc
2017-03-24,51.3,51.5,50.1,50.1,358000,234,18154800,3675,德微,otc
2017-03-27,50.0,50.0,47.9,48.1,590000,417,28767400,3675,德微,otc
2017-03-28,48.1,49.2,44.9,46.2,980000,586,45640050,3675,德微,otc
2017-03-29,46.5,47.6,46.5,47.6,252000,175,11894650,3675,德微,otc
2017-03-30,47.9,48.1,47.05,47.55,247000,139,11771400,3675,德微,otc
2017-03-31,47.6,47.7,47.0,47.3,125000,96,5923650,3675,德微,otc
2017-04-05,47.3,48.25,46.8,47.85,175000,129,8328800,3675,德微,otc
2017-04-06,48.2,48.8,47.9,48.7,261000,162,12637450,3675,德微,otc
2017-04-07,50.6,53.5,50.6,53.5,3357000,1881,176188800,3675,德微,otc
2017-04-10,56.0,58.8,55.6,58.8,5344000,2639,309538400,3675,德微,otc
2017-04-11,61.9,62.5,54.2,54.6,6226000,4157,366153900,3675,德微,otc
2017-04-12,56.2,60.0,56.1,60.0,3183000,2006,185955500,3675,德微,otc
2017-04-13,63.5,66.0,61.4,66.0,9741000,5505,628026600,3675,德微,otc
2017-04-14,64.0,64.4,60.3,62.8,4149000,2840,259249200,3675,德微,otc
2017-04-17,65.5,66.4,62.0,64.8,6402000,4183,413814700,3675,德微,otc
2017-04-18,64.3,67.3,63.7,64.8,4977000,3153,326463200,3675,德微,otc
2017-04-19,65.1,66.1,62.5,62.5,2556000,1791,164724300,3675,德微,otc
2017-04-20,62.5,65.0,56.9,59.9,3269000,2136,199758500,3675,德微,otc
2017-04-21,62.1,63.0,59.2,63.0,2283000,1512,140170500,3675,德微,otc
2017-04-24,63.0,63.5,60.5,60.8,1641000,994,101039800,3675,德微,otc
2017-04-25,62.5,62.5,58.3,58.3,2282000,1273,137816900,3675,德微,otc
2017-04-26,59.4,61.4,58.2,60.8,2118000,1304,126464900,3675,德微,otc
2017-04-27,60.8,62.3,60.0,60.0,1390000,959,84832800,3675,德微,otc
2017-04-28,59.7,64.8,59.4,63.0,2624000,1703,163644300,3675,德微,otc
2017-05-02,63.2,65.3,63.2,64.0,2212000,1625,142186000,3675,德微,otc
2017-05-03,65.3,65.3,61.2,61.2,1934000,1206,122420800,3675,德微,otc
2017-05-04,63.0,64.9,61.0,63.5,2559000,1612,160569600,3675,德微,otc
2017-05-05,64.7,64.7,61.2,61.2,1681000,1063,104916300,3675,德微,otc
2017-05-08,61.7,62.6,61.0,61.3,812000,585,50143100,3675,德微,otc
2017-05-09,61.5,62.8,57.5,58.0,1905000,1281,113863500,3675,德微,otc
2017-05-10,58.2,59.9,58.2,59.2,859000,574,50689100,3675,德微,otc
2017-05-11,59.9,60.5,58.4,58.5,890000,605,52827800,3675,德微,otc
2017-05-12,59.0,59.2,57.1,59.2,884000,605,51505900,3675,德微,otc
2017-05-15,59.5,60.8,58.6,60.5,913000,537,54577000,3675,德微,otc
2017-05-16,60.9,62.4,59.0,59.6,1859000,1207,112332300,3675,德微,otc
2017-05-17,59.4,62.9,59.4,59.9,3978000,2922,242299700,3675,德微,otc
2017-05-18,59.6,62.0,58.7,61.2,1234000,855,74896400,3675,德微,otc
2017-05-19,61.4,63.5,61.2,61.7,3199000,2237,199706900,3675,德微,otc
2017-05-22,63.4,63.9,62.3,63.2,1861000,1222,117323500,3675,德微,otc
2017-05-23,63.4,65.1,60.5,60.5,4209000,2824,265114900,3675,德微,otc
2017-05-24,60.7,61.5,59.4,59.7,1401000,983,84290600,3675,德微,otc
2017-05-25,60.2,60.3,58.6,58.9,872000,700,51659700,3675,德微,otc
2017-05-26,59.7,60.0,58.7,60.0,686000,540,40797400,3675,德微,otc
2017-05-31,60.0,60.3,58.9,59.2,420000,287,24900400,3675,德微,otc
2017-06-01,59.5,60.4,59.3,59.4,270000,221,16129500,3675,德微,otc
2017-06-02,59.8,60.5,58.8,59.3,677000,471,40317900,3675,德微,otc
2017-06-03,59.5,59.8,58.3,59.6,645000,473,38006000,3675,德微,otc
2017-06-05,61.4,61.7,60.2,60.3,1193000,847,72505800,3675,德微,otc
2017-06-06,60.3,60.3,59.5,59.6,322000,258,19226700,3675,德微,otc
2017-06-07,60.0,60.3,58.4,59.1,460000,336,27289900,3675,德微,otc
2017-06-08,59.3,59.5,58.7,59.1,325000,234,19150600,3675,德微,otc
2017-06-09,59.4,59.5,58.0,58.0,535000,351,31251000,3675,德微,otc
2017-06-12,57.8,59.1,57.2,59.1,338000,249,19696800,3675,德微,otc
2017-06-13,58.7,58.9,58.0,58.0,324000,265,18886100,3675,德微,otc
2017-06-14,58.2,58.2,54.8,54.9,918000,693,51250200,3675,德微,otc
2017-06-15,55.0,55.6,53.1,55.5,531000,377,28976900,3675,德微,otc
2017-06-16,55.5,56.4,54.9,56.2,188000,138,10492500,3675,德微,otc
2017-06-19,56.2,56.6,55.2,55.9,315000,230,17596300,3675,德微,otc
2017-06-20,56.0,58.6,55.2,58.6,508000,363,28784100,3675,德微,otc
2017-06-21,58.3,58.3,56.9,56.9,584000,458,33584600,3675,德微,otc
2017-06-22,57.5,58.5,56.3,57.8,668000,539,38263600,3675,德微,otc
2017-06-23,58.5,58.5,56.9,57.0,306000,236,17653400,3675,德微,otc
2017-06-26,56.7,57.5,56.4,57.1,220000,169,12478500,3675,德微,otc
2017-06-27,57.2,57.9,56.7,57.8,212000,163,12153100,3675,德微,otc
2017-06-28,57.7,60.0,57.2,58.1,839000,571,49051900,3675,德微,otc
2017-06-29,59.0,59.6,58.0,58.4,398000,248,23372800,3675,德微,otc
2017-06-30,58.0,58.5,57.3,58.0,210000,160,12150100,3675,德微,otc
2017-07-03,58.1,58.1,55.7,55.9,428000,322,24231100,3675,德微,otc
2017-07-04,55.8,56.4,55.8,55.8,125000,102,6998700,3675,德微,otc
2017-07-05,55.6,56.3,55.6,56.3,101000,72,5665300,3675,德微,otc
2017-07-06,55.8,56.2,55.8,55.8,108000,83,6040800,3675,德微,otc
2017-07-07,55.7,55.7,53.0,53.0,779000,550,42038900,3675,德微,otc
2017-07-10,53.0,53.3,49.45,52.9,1657000,1039,84798200,3675,德微,otc
2017-07-11,52.9,52.9,51.2,52.8,982000,712,50974000,3675,德微,otc
2017-07-12,52.1,54.2,51.7,51.7,785000,645,41216200,3675,德微,otc
2017-07-13,52.2,52.4,52.0,52.0,194000,138,10131200,3675,德微,otc
2017-07-14,52.0,55.3,51.6,54.8,901000,635,48286900,3675,德微,otc
2017-07-17,54.5,55.3,53.7,53.8,522000,379,28285900,3675,德微,otc
2017-07-18,54.4,54.8,53.9,54.6,195000,133,10598500,3675,德微,otc
2017-07-19,54.9,56.8,54.1,55.8,997000,711,55386700,3675,德微,otc
2017-07-20,56.4,56.6,54.6,55.4,319000,258,17653400,3675,德微,otc
2017-07-21,55.0,56.5,54.7,56.0,481000,320,26820900,3675,德微,otc
2017-07-24,55.8,55.8,54.8,54.8,313000,254,17212700,3675,德微,otc
2017-07-25,54.9,55.6,54.5,55.5,328000,232,18031400,3675,德微,otc
2017-07-26,56.0,56.0,54.8,55.1,303000,216,16744600,3675,德微,otc
2017-07-27,55.6,60.0,49.6,55.0,2518000,1509,137954000,3675,德微,otc
2017-07-28,55.8,56.9,54.0,55.0,787000,604,43510200,3675,德微,otc
2017-07-31,54.7,55.8,54.5,55.0,210000,157,11547100,3675,德微,otc
2017-08-01,55.3,55.6,54.9,55.4,174000,124,9616300,3675,德微,otc
2017-08-02,55.6,56.3,54.9,55.3,447000,308,24722500,3675,德微,otc
2017-08-03,55.8,55.8,54.8,55.0,313000,244,17218100,3675,德微,otc
2017-08-04,55.4,55.5,54.6,54.8,238000,189,13093400,3675,德微,otc
2017-08-07,55.5,55.7,54.9,55.3,522000,408,28853100,3675,德微,otc
2017-08-08,55.6,56.5,54.9,55.2,825000,613,45741800,3675,德微,otc
2017-08-09,55.5,56.2,54.2,56.0,644000,420,35640400,3675,德微,otc
2017-08-10,56.3,56.3,54.9,55.1,365000,248,20175100,3675,德微,otc
2017-08-11,54.9,55.3,54.4,55.3,294000,206,16121600,3675,德微,otc
2017-08-14,55.3,55.3,53.8,54.1,194000,155,10551200,3675,德微,otc
2017-08-15,55.0,55.0,53.0,54.0,354000,261,19139400,3675,德微,otc
2017-08-16,53.9,54.0,53.2,53.4,288000,218,15392800,3675,德微,otc
2017-08-17,53.7,53.9,52.3,52.5,521000,382,27494800,3675,德微,otc
2017-08-18,52.5,52.5,50.9,51.3,653000,442,33542500,3675,德微,otc
2017-08-21,51.5,51.5,49.95,51.2,474000,327,23957650,3675,德微,otc
2017-08-22,51.4,51.4,50.6,51.2,330000,233,16793000,3675,德微,otc
2017-08-23,51.4,52.3,51.2,51.6,465000,323,23966200,3675,德微,otc
2017-08-24,51.9,52.0,51.6,51.8,282000,230,14608300,3675,德微,otc
2017-08-25,51.9,54.8,51.9,54.5,1220000,812,65232000,3675,德微,otc
2017-08-28,55.2,55.4,54.1,54.8,825000,506,45056500,3675,德微,otc
2017-08-29,55.2,55.2,53.7,54.4,473000,347,25637600,3675,德微,otc
2017-08-30,54.8,54.9,54.5,54.7,334000,209,18253300,3675,德微,otc
2017-08-31,55.0,56.4,55.0,56.0,1219000,776,67931300,3675,德微,otc
2017-09-01,56.7,56.7,54.9,55.1,1063000,615,59086500,3675,德微,otc
2017-09-04,55.4,55.4,53.7,53.9,889000,504,48183100,3675,德微,otc
2017-09-05,54.3,55.1,53.8,55.1,1391000,712,75620200,3675,德微,otc
2017-09-06,52.6,53.2,52.0,52.1,954000,683,50149200,3675,德微,otc
2017-09-07,52.8,52.9,51.5,51.7,422000,273,22031100,3675,德微,otc
2017-09-08,52.0,52.4,51.7,52.0,303000,162,15733100,3675,德微,otc
2017-09-11,52.7,52.7,51.7,51.7,173000,129,8985400,3675,德微,otc
2017-09-12,52.0,52.0,51.5,51.6,170000,117,8775400,3675,德微,otc
2017-09-13,52.0,54.2,52.0,52.8,968000,740,51606800,3675,德微,otc
2017-09-14,53.2,53.4,52.5,52.6,296000,226,15637700,3675,德微,otc
2017-09-15,52.6,52.8,52.1,52.1,226000,162,11829600,3675,德微,otc
2017-09-18,52.2,52.6,52.0,52.0,267000,170,13926400,3675,德微,otc
2017-09-19,52.1,52.1,50.8,50.8,390000,289,19980800,3675,德微,otc
2017-09-20,51.2,51.2,50.4,50.7,176000,138,8947800,3675,德微,otc
2017-09-21,50.7,51.7,50.7,50.8,92000,79,4700300,3675,德微,otc
2017-09-22,51.5,51.5,50.5,51.3,215000,171,10985900,3675,德微,otc
2017-09-25,51.3,51.3,47.7,49.5,384000,283,19020100,3675,德微,otc
2017-09-26,49.55,50.5,49.5,49.5,214000,151,10662950,3675,德微,otc
2017-09-27,49.6,50.3,49.25,50.0,101000,83,5041500,3675,德微,otc
2017-09-28,50.3,53.2,50.3,52.0,948000,640,49474800,3675,德微,otc
2017-09-29,53.0,53.3,51.1,51.1,1380000,909,71876600,3675,德微,otc
2017-09-30,51.6,52.3,51.3,51.4,289000,216,14890900,3675,德微,otc
2017-10-02,51.4,52.1,51.4,52.0,358000,245,18578600,3675,德微,otc
2017-10-03,52.0,52.5,51.3,51.8,435000,247,22589800,3675,德微,otc
2017-10-05,52.0,52.3,51.7,51.9,137000,108,7113500,3675,德微,otc
2017-10-06,51.6,51.8,50.8,51.1,357000,225,18285600,3675,德微,otc
2017-10-11,51.6,51.6,50.5,50.6,147000,115,7469700,3675,德微,otc
2017-10-12,50.7,52.3,50.6,51.4,217000,153,11143900,3675,德微,otc
2017-10-13,52.0,52.1,51.5,51.6,215000,137,11141900,3675,德微,otc
2017-10-16,52.1,52.1,51.5,51.7,170000,108,8792500,3675,德微,otc
2017-10-17,52.0,56.3,52.0,55.5,3597000,2466,195529000,3675,德微,otc
2017-10-18,55.0,56.4,54.2,54.6,1426000,1023,78702800,3675,德微,otc
2017-10-19,55.0,56.4,54.1,55.1,1149000,790,63636800,3675,德微,otc
2017-10-20,55.1,55.1,53.8,54.9,481000,322,26278300,3675,德微,otc
2017-10-23,55.5,55.6,54.0,54.0,483000,360,26318500,3675,德微,otc
2017-10-24,53.8,54.0,53.0,53.8,361000,284,19286400,3675,德微,otc
2017-10-25,54.1,56.3,54.1,54.2,1324000,907,73240800,3675,德微,otc
2017-10-26,54.5,54.8,53.7,54.3,342000,221,18517600,3675,德微,otc
2017-10-27,55.3,58.3,55.3,55.3,3376000,2168,191184800,3675,德微,otc
2017-10-30,55.5,57.3,55.5,56.2,994000,741,56045100,3675,德微,otc
2017-10-31,56.0,56.5,54.8,56.4,675000,457,37628700,3675,德微,otc
2017-11-01,57.0,59.7,57.0,58.6,2527000,1688,148488500,3675,德微,otc
2017-11-02,58.4,60.3,57.5,57.8,1666000,1066,98343200,3675,德微,otc
2017-11-03,58.0,60.5,57.2,59.7,2319000,1480,138315500,3675,德微,otc
2017-11-06,64.4,65.6,63.2,65.6,7512000,3667,488633900,3675,德微,otc
2017-11-07,65.5,65.5,61.5,61.7,3865000,2622,244836400,3675,德微,otc
2017-11-08,62.0,63.5,61.8,62.1,1360000,980,85027300,3675,德微,otc
2017-11-09,62.7,62.9,58.3,58.8,1709000,1140,103132700,3675,德微,otc
2017-11-10,59.4,61.0,57.5,60.3,832000,602,49628300,3675,德微,otc
2017-11-13,60.3,60.3,57.5,57.5,841000,603,48942700,3675,德微,otc
2017-11-14,58.4,58.7,55.5,56.7,808000,597,45936600,3675,德微,otc
2017-11-15,57.0,57.0,55.6,56.3,330000,237,18568500,3675,德微,otc
2017-11-16,56.7,58.5,56.3,57.6,649000,482,37465100,3675,德微,otc
2017-11-17,58.8,59.2,58.4,58.5,667000,435,39169100,3675,德微,otc
2017-11-20,58.5,61.0,58.5,60.7,837000,642,50242800,3675,德微,otc
2017-11-21,61.3,61.3,59.8,60.0,626000,403,37818600,3675,德微,otc
2017-11-22,60.2,60.6,58.1,58.7,584000,383,34718800,3675,德微,otc
2017-11-23,59.3,60.3,58.5,60.0,318000,253,18893800,3675,德微,otc
2017-11-24,60.0,60.3,59.3,59.9,344000,242,20592000,3675,德微,otc
2017-11-27,59.9,60.3,58.0,58.1,497000,354,29213600,3675,德微,otc
2017-11-28,58.2,58.4,57.0,57.0,442000,327,25382600,3675,德微,otc
2017-11-29,57.5,59.1,57.5,58.7,472000,335,27583400,3675,德微,otc
2017-11-30,58.0,58.5,57.5,58.1,204000,151,11802400,3675,德微,otc
2017-12-01,58.2,58.8,55.1,57.3,371000,265,20972400,3675,德微,otc
2017-12-04,57.8,57.9,56.8,57.7,192000,120,10984400,3675,德微,otc
2017-12-05,56.6,56.6,54.2,54.6,627000,439,34597600,3675,德微,otc
2017-12-06,53.8,54.5,53.0,53.2,546000,376,29214300,3675,德微,otc
2017-12-07,53.4,53.6,51.0,51.8,362000,256,18861900,3675,德微,otc
2017-12-08,52.7,53.4,51.7,52.8,188000,118,9846800,3675,德微,otc
2017-12-11,53.0,53.9,52.1,53.0,137000,116,7291900,3675,德微,otc
2017-12-12,54.0,54.0,52.5,52.5,69000,60,3648600,3675,德微,otc
2017-12-13,52.2,52.5,51.6,52.5,144000,111,7500500,3675,德微,otc
2017-12-14,53.0,53.9,52.6,52.6,148000,130,7864100,3675,德微,otc
2017-12-15,52.1,52.5,51.8,52.5,89000,67,4640800,3675,德微,otc
2017-12-18,52.3,52.6,52.0,52.2,91000,61,4762900,3675,德微,otc
2017-12-19,52.3,52.4,51.9,51.9,86000,57,4482200,3675,德微,otc
2017-12-20,51.6,52.9,51.5,52.9,164000,99,8581000,3675,德微,otc
2017-12-21,52.3,53.2,52.3,52.9,121000,76,6395600,3675,德微,otc
2017-12-22,52.4,53.3,52.3,53.3,80000,56,4223700,3675,德微,otc
2017-12-25,53.3,53.7,53.2,53.7,74000,59,3951800,3675,德微,otc
2017-12-26,53.4,53.4,52.5,52.7,76000,61,4005500,3675,德微,otc
2017-12-27,52.5,56.5,51.6,56.5,754000,518,41560000,3675,德微,otc
2017-12-28,57.0,57.1,55.7,56.1,427000,273,24000900,3675,德微,otc
2017-12-29,55.9,56.5,54.5,55.1,274000,196,15139700,3675,德微,otc
2018-01-02,55.1,57.5,54.9,56.1,491000,364,27733700,3675,德微,otc
2018-01-03,56.8,56.9,55.5,56.9,306000,214,17255400,3675,德微,otc
2018-01-04,56.9,57.3,56.6,56.6,227000,158,12908200,3675,德微,otc
2018-01-05,55.7,56.0,54.9,55.3,393000,275,21791100,3675,德微,otc
2018-01-08,55.8,56.0,54.5,54.5,174000,138,9586300,3675,德微,otc
2018-01-09,55.0,55.0,53.4,53.5,121000,93,6511200,3675,德微,otc
2018-01-10,53.5,54.0,52.5,52.5,109000,86,5789700,3675,德微,otc
2018-01-11,52.7,52.9,52.1,52.5,65000,57,3414200,3675,德微,otc
2018-01-12,53.0,53.8,52.6,53.7,74000,64,3931000,3675,德微,otc
2018-01-15,53.8,54.5,53.8,53.8,85000,72,4601600,3675,德微,otc
2018-01-16,54.4,54.7,53.9,54.0,54000,42,2930300,3675,德微,otc
2018-01-17,54.0,54.7,54.0,54.0,88000,64,4770600,3675,德微,otc
2018-01-18,54.3,55.5,54.3,55.3,232000,134,12735400,3675,德微,otc
2018-01-19,55.3,55.5,54.7,55.5,157000,103,8656200,3675,德微,otc
2018-01-22,55.5,56.0,54.4,55.5,200000,112,11100600,3675,德微,otc
2018-01-23,55.5,56.0,55.0,55.7,175000,99,9730400,3675,德微,otc
2018-01-24,55.7,55.7,54.9,54.9,202000,104,11126200,3675,德微,otc
2018-01-25,55.4,55.7,55.1,55.5,132000,86,7316700,3675,德微,otc
2018-01-26,55.8,55.8,55.4,55.5,109000,74,6055300,3675,德微,otc
2018-01-29,56.0,58.5,56.0,58.3,849000,584,48857500,3675,德微,otc
2018-01-30,59.1,59.1,56.1,56.1,623000,376,35821300,3675,德微,otc
2018-01-31,55.4,56.1,55.0,55.3,202000,126,11197700,3675,德微,otc
2018-02-01,55.4,57.0,55.1,55.2,143000,106,7963600,3675,德微,otc
2018-02-02,55.0,55.3,55.0,55.2,71000,55,3913000,3675,德微,otc
2018-02-05,54.2,54.9,53.6,54.9,106000,69,5742300,3675,德微,otc
2018-02-06,53.9,54.3,49.5,50.2,535000,332,27424450,3675,德微,otc
2018-02-07,50.3,52.2,50.3,52.0,126000,109,6495900,3675,德微,otc
2018-02-08,52.4,52.9,51.5,51.8,112000,73,5812300,3675,德微,otc
2018-02-09,48.1,50.3,48.0,50.0,202000,137,9988950,3675,德微,otc
2018-02-12,51.8,51.8,50.6,50.8,133000,96,6771600,3675,德微,otc
2018-02-21,51.8,51.9,51.2,51.9,87000,74,4486200,3675,德微,otc
2018-02-22,51.2,53.5,51.1,53.4,132000,94,6985000,3675,德微,otc
2018-02-23,55.0,56.5,54.5,55.3,465000,316,25894100,3675,德微,otc
2018-02-26,56.0,56.1,55.3,55.4,192000,136,10661000,3675,德微,otc
2018-02-27,55.7,56.2,55.3,55.3,75000,57,4181800,3675,德微,otc
2018-03-01,55.3,55.5,54.4,54.8,101000,64,5527800,3675,德微,otc
2018-03-02,54.8,55.5,54.5,54.7,136000,90,7487200,3675,德微,otc
2018-03-05,55.1,55.7,53.5,53.5,164000,117,8936700,3675,德微,otc
2018-03-06,54.2,54.2,53.4,53.5,92000,66,4939000,3675,德微,otc
2018-03-07,53.5,54.8,53.1,53.1,174000,125,9358000,3675,德微,otc
2018-03-08,53.2,54.3,53.2,53.7,128000,97,6880400,3675,德微,otc
2018-03-09,54.4,54.5,53.3,53.6,112000,71,6023400,3675,德微,otc
2018-03-12,54.2,54.3,53.6,53.8,102000,74,5496300,3675,德微,otc
2018-03-13,53.8,53.8,53.3,53.4,240000,184,12847400,3675,德微,otc
2018-03-14,53.2,53.6,53.1,53.2,99000,74,5277100,3675,德微,otc
2018-03-15,53.2,53.8,53.0,53.6,35000,32,1865300,3675,德微,otc
2018-03-16,53.6,53.9,53.3,53.5,78000,60,4178300,3675,德微,otc
2018-03-19,53.5,54.3,53.4,53.7,80000,70,4314200,3675,德微,otc
2018-03-20,53.7,54.0,53.3,53.4,44000,31,2359000,3675,德微,otc
2018-03-21,53.5,54.1,53.4,54.0,77000,49,4140000,3675,德微,otc
2018-03-22,54.4,54.7,53.0,53.0,169000,104,9054800,3675,德微,otc
2018-03-23,51.8,52.3,51.1,51.7,118000,86,6115100,3675,德微,otc
2018-03-26,51.4,52.4,51.2,52.0,89000,67,4604600,3675,德微,otc
2018-03-27,52.4,53.7,52.3,53.7,184000,133,9797800,3675,德微,otc
2018-03-28,52.9,52.9,51.2,51.6,156000,116,8125400,3675,德微,otc
2018-03-29,51.8,52.0,51.6,51.7,63000,56,3263600,3675,德微,otc
2018-03-30,52.6,52.6,51.7,51.7,53000,43,2758900,3675,德微,otc
2018-03-31,51.8,51.8,51.2,51.2,96000,82,4942000,3675,德微,otc
2018-04-02,51.8,51.8,51.1,51.5,58000,45,2984700,3675,德微,otc
2018-04-03,51.0,51.1,50.6,50.9,110000,75,5598200,3675,德微,otc
2018-04-09,50.9,51.4,50.6,50.6,100000,75,5085900,3675,德微,otc
2018-04-10,50.0,51.0,49.0,49.55,249000,185,12392200,3675,德微,otc
2018-04-11,49.55,50.2,49.55,50.0,85000,61,4247700,3675,德微,otc
2018-04-12,50.3,50.3,49.7,50.1,50000,35,2494200,3675,德微,otc
2018-04-13,50.1,50.1,49.7,49.75,73000,52,3638350,3675,德微,otc
2018-04-16,49.8,49.8,49.5,49.5,35000,31,1736300,3675,德微,otc
2018-04-17,50.0,50.0,48.5,48.5,134000,96,6557450,3675,德微,otc
2018-04-18,48.3,48.95,48.15,48.25,82000,57,3969300,3675,德微,otc
2018-04-19,48.15,48.3,48.0,48.2,144000,98,6935550,3675,德微,otc
2018-04-20,48.0,48.7,47.8,47.8,75000,55,3604550,3675,德微,otc
2018-04-23,47.8,47.8,45.35,45.85,283000,192,13064600,3675,德微,otc
2018-04-24,45.15,45.2,42.05,43.4,298000,199,12968300,3675,德微,otc
2018-04-25,41.65,43.2,41.65,42.9,88000,66,3752300,3675,德微,otc
2018-04-26,44.35,44.45,42.0,42.0,122000,77,5205200,3675,德微,otc
2018-04-27,43.4,43.4,42.0,42.25,103000,61,4379450,3675,德微,otc
2018-04-30,42.3,42.35,42.0,42.2,110000,59,4637000,3675,德微,otc
2018-05-02,42.5,43.0,42.2,42.8,78000,54,3328200,3675,德微,otc
2018-05-03,43.2,43.8,42.95,43.75,64000,54,2775050,3675,德微,otc
2018-05-04,43.85,44.75,43.85,44.7,62000,52,2754050,3675,德微,otc
2018-05-07,45.6,46.3,45.5,46.25,191000,136,8775350,3675,德微,otc
2018-05-08,46.4,46.65,45.2,45.35,91000,65,4151100,3675,德微,otc
2018-05-09,45.2,45.2,44.6,45.15,78000,63,3503250,3675,德微,otc
2018-05-10,45.5,45.9,45.4,45.85,72000,35,3279550,3675,德微,otc
2018-05-11,46.0,47.2,45.5,46.65,96000,61,4479900,3675,德微,otc
2018-05-14,46.75,46.75,45.85,46.15,107000,67,4944200,3675,德微,otc
2018-05-15,46.0,46.1,45.15,45.15,63000,45,2867100,3675,德微,otc
2018-05-16,45.2,45.25,44.9,44.9,50000,26,2250200,3675,德微,otc
2018-05-17,44.8,44.8,44.5,44.5,17000,15,757800,3675,德微,otc
2018-05-18,44.5,44.5,44.25,44.25,34000,23,1508450,3675,德微,otc
2018-05-21,44.3,44.3,44.25,44.3,28000,20,1240250,3675,德微,otc
2018-05-22,44.3,44.4,44.1,44.1,23000,16,1017350,3675,德微,otc
2018-05-23,44.0,44.1,43.65,43.65,45000,38,1974150,3675,德微,otc
2018-05-24,43.15,43.6,43.1,43.5,53000,36,2293550,3675,德微,otc
2018-05-25,43.0,43.65,42.95,43.4,36000,28,1564400,3675,德微,otc
2018-05-28,43.6,44.7,43.25,44.5,86000,58,3784400,3675,德微,otc
2018-05-29,44.5,47.85,44.5,46.8,268000,193,12493950,3675,德微,otc
2018-05-30,47.0,49.0,47.0,47.5,360000,278,17328150,3675,德微,otc
2018-05-31,48.8,51.2,48.3,48.9,710000,501,35220700,3675,德微,otc
2018-06-01,48.5,50.0,48.5,49.7,303000,212,14986900,3675,德微,otc
2018-06-04,50.3,51.2,49.9,50.0,330000,203,16663200,3675,德微,otc
2018-06-05,50.0,50.5,49.3,49.6,144000,88,7154250,3675,德微,otc
2018-06-06,48.9,49.6,48.6,48.85,177000,108,8684750,3675,德微,otc
2018-06-07,48.85,48.85,47.8,47.9,171000,99,8233000,3675,德微,otc
2018-06-08,47.65,47.7,47.1,47.2,109000,64,5171850,3675,德微,otc
2018-06-11,47.5,47.9,46.8,47.9,44000,38,2079050,3675,德微,otc
2018-06-12,48.0,49.5,47.5,47.8,123000,96,5930650,3675,德微,otc
2018-06-13,47.8,47.8,47.2,47.4,57000,47,2707050,3675,德微,otc
2018-06-14,48.4,49.85,48.05,48.8,196000,149,9570250,3675,德微,otc
2018-06-15,49.3,49.3,48.2,48.2,43000,40,2095300,3675,德微,otc
2018-06-19,48.2,48.2,47.4,48.2,24000,19,1151850,3675,德微,otc
2018-06-20,49.2,53.0,49.2,53.0,2781000,1604,145513050,3675,德微,otc
2018-06-21,53.5,54.0,51.6,52.7,1252000,880,65971700,3675,德微,otc
2018-06-22,52.8,54.5,51.7,51.9,540000,404,28562600,3675,德微,otc
2018-06-25,53.0,53.0,49.95,50.5,330000,222,16780050,3675,德微,otc
2018-06-26,50.3,50.3,48.6,49.4,287000,186,14138850,3675,德微,otc
2018-06-27,49.9,50.2,49.0,49.0,66000,54,3276550,3675,德微,otc
2018-06-28,49.0,50.0,48.55,49.45,64000,58,3140550,3675,德微,otc
2018-06-29,50.4,50.4,48.9,50.3,74000,56,3667650,3675,德微,otc
2018-07-02,50.8,55.3,50.3,53.8,1215000,767,65904800,3675,德微,otc
2018-07-03,54.5,55.0,51.0,51.2,933000,644,50053800,3675,德微,otc
2018-07-04,51.3,52.8,50.5,50.5,283000,174,14463500,3675,德微,otc
2018-07-05,50.0,50.5,48.6,48.6,326000,212,16161150,3675,德微,otc
2018-07-06,49.0,49.2,47.55,47.8,149000,100,7162150,3675,德微,otc
2018-07-09,48.0,48.55,48.0,48.4,32000,31,1544050,3675,德微,otc
2018-07-10,48.4,48.8,48.3,48.5,84000,70,4076800,3675,德微,otc
2018-07-11,47.9,48.9,47.9,48.6,74000,57,3587700,3675,德微,otc
2018-07-12,48.6,48.75,48.0,48.3,56000,43,2707750,3675,德微,otc
2018-07-13,48.9,48.9,48.2,48.2,75000,52,3634650,3675,德微,otc
2018-07-16,48.5,50.3,48.5,49.8,152000,134,7555950,3675,德微,otc
2018-07-17,51.1,52.7,50.2,50.3,581000,452,29919700,3675,德微,otc
2018-07-18,51.1,51.1,49.15,49.8,142000,110,7110700,3675,德微,otc
2018-07-19,48.95,50.3,48.95,49.7,96000,69,4783600,3675,德微,otc
2018-07-20,49.7,50.1,48.95,49.15,100000,77,4935500,3675,德微,otc
2018-07-23,49.15,49.15,48.4,48.55,35000,29,1706500,3675,德微,otc
2018-07-24,48.2,49.0,48.2,48.9,17000,16,830150,3675,德微,otc
2018-07-25,49.0,49.2,48.6,48.8,24000,22,1174700,3675,德微,otc
2018-07-26,48.5,49.0,48.5,48.8,27000,24,1317250,3675,德微,otc
2018-07-27,49.2,50.2,49.2,50.0,75000,49,3733950,3675,德微,otc
2018-07-30,49.55,50.0,48.75,48.85,45000,35,2221900,3675,德微,otc
2018-07-31,49.85,50.0,49.15,49.2,46000,36,2283350,3675,德微,otc
2018-08-01,49.85,49.85,49.35,49.8,41000,29,2036850,3675,德微,otc
2018-08-02,49.3,49.8,48.9,49.0,34000,26,1671450,3675,德微,otc
2018-08-03,49.15,49.75,49.15,49.7,17000,17,840350,3675,德微,otc
2018-08-06,49.2,49.7,49.1,49.1,84000,59,4139500,3675,德微,otc
2018-08-07,49.7,51.7,48.9,49.2,661000,509,33226050,3675,德微,otc
2018-08-08,50.0,50.0,48.3,48.5,222000,167,10897600,3675,德微,otc
2018-08-09,49.3,49.3,48.4,48.6,71000,47,3457250,3675,德微,otc
2018-08-10,48.9,48.9,48.0,48.0,58000,47,2797350,3675,德微,otc
2018-08-13,46.05,46.6,43.25,44.25,396000,255,17685750,3675,德微,otc
2018-08-14,44.65,44.8,42.5,43.75,171000,111,7436500,3675,德微,otc
2018-08-15,43.75,43.75,43.05,43.1,76000,54,3300000,3675,德微,otc
2018-08-16,43.0,43.9,42.8,43.6,59000,49,2560750,3675,德微,otc
2018-08-17,44.0,44.3,43.85,43.85,52000,37,2291650,3675,德微,otc
2018-08-20,43.15,43.75,43.0,43.15,67000,40,2897400,3675,德微,otc
2018-08-21,42.75,43.15,42.75,43.15,35000,29,1506950,3675,德微,otc
2018-08-22,43.2,43.4,42.9,43.0,47000,31,2030450,3675,德微,otc
2018-08-23,43.05,43.2,43.05,43.05,19000,15,818600,3675,德微,otc
2018-08-24,43.05,43.3,43.05,43.1,13000,11,561550,3675,德微,otc
2018-08-27,43.1,43.7,43.1,43.4,24000,23,1040250,3675,德微,otc
2018-08-28,43.5,43.6,43.5,43.5,30000,24,1305950,3675,德微,otc
2018-08-29,43.8,44.3,43.8,44.25,46000,36,2028050,3675,德微,otc
2018-08-30,45.0,45.0,44.0,44.55,25000,18,1114450,3675,德微,otc
2018-08-31,44.3,44.8,44.1,44.8,15000,11,666300,3675,德微,otc
2018-09-03,45.1,45.1,44.65,44.65,56000,42,2509000,3675,德微,otc
2018-09-04,44.65,45.0,44.5,44.6,27000,19,1206750,3675,德微,otc
2018-09-05,44.8,46.5,44.8,45.9,119000,92,5424550,3675,德微,otc
2018-09-06,45.9,45.9,44.3,45.0,55000,41,2501950,3675,德微,otc
2018-09-07,45.0,45.0,43.9,44.4,78000,41,3452600,3675,德微,otc
2018-09-10,44.05,44.05,42.5,43.4,93000,54,3991450,3675,德微,otc
2018-09-11,46.4,46.4,43.35,43.95,19000,17,846250,3675,德微,otc
2018-09-12,43.4,43.4,42.05,42.85,31000,23,1323150,3675,德微,otc
2018-09-13,43.95,43.95,43.1,43.8,73000,29,3183500,3675,德微,otc
2018-09-14,44.0,44.35,43.85,44.35,81000,41,3568800,3675,德微,otc
2018-09-17,44.35,44.45,43.7,43.8,8000,7,352350,3675,德微,otc
2018-09-18,43.0,43.6,43.0,43.05,9000,8,388700,3675,德微,otc
2018-09-19,44.2,44.2,43.15,43.85,22000,21,958700,3675,德微,otc
2018-09-20,43.85,43.85,42.8,43.35,36000,26,1552250,3675,德微,otc
2018-09-21,43.05,43.5,43.05,43.5,13000,10,560500,3675,德微,otc
2018-09-25,43.7,43.7,42.9,43.3,25000,15,1075900,3675,德微,otc
2018-09-26,43.3,43.6,43.1,43.6,21000,15,908550,3675,德微,otc
2018-09-27,43.1,43.7,43.1,43.45,11000,9,475050,3675,德微,otc
2018-09-28,43.8,43.8,43.2,43.6,13000,10,564600,3675,德微,otc
2018-10-01,43.6,43.75,43.15,43.6,13000,12,565450,3675,德微,otc
2018-10-02,43.85,43.85,43.5,43.75,9000,9,392750,3675,德微,otc
2018-10-03,43.85,43.85,43.3,43.7,9000,9,390800,3675,德微,otc
2018-10-04,43.7,43.7,43.7,43.7,4000,1,174800,3675,德微,otc
2018-10-05,43.2,43.2,41.4,41.5,125000,86,5235150,3675,德微,otc
2018-10-08,41.5,42.2,41.5,42.2,21000,19,876300,3675,德微,otc
2018-10-09,41.6,42.15,41.5,41.5,17000,13,706550,3675,德微,otc
2018-10-11,40.8,40.8,37.4,39.0,244000,150,9310250,3675,德微,otc
2018-10-12,36.1,39.5,36.1,39.5,66000,59,2503950,3675,德微,otc
2018-10-15,39.5,39.6,39.5,39.6,10000,9,395400,3675,德微,otc
2018-10-16,39.6,39.65,38.35,39.55,27000,24,1058850,3675,德微,otc
2018-10-17,39.55,40.35,39.2,39.2,29000,22,1152700,3675,德微,otc
2018-10-18,39.5,39.5,38.4,38.4,23000,18,892900,3675,德微,otc
2018-10-19,37.9,38.55,37.0,37.05,73000,60,2719150,3675,德微,otc
2018-10-22,37.75,38.0,37.1,37.7,25000,25,936750,3675,德微,otc
2018-10-23,38.4,38.4,37.7,37.7,19000,11,727350,3675,德微,otc
2018-10-24,37.7,37.7,37.25,37.6,13000,13,487500,3675,德微,otc
2018-10-25,36.0,36.0,34.1,35.0,144000,106,5041400,3675,德微,otc
2018-10-26,35.0,35.9,33.4,33.6,78000,46,2658200,3675,德微,otc
2018-10-29,33.3,33.6,32.1,32.45,113000,70,3687950,3675,德微,otc
2018-10-30,32.45,35.0,31.65,34.9,157000,84,5228700,3675,德微,otc
2018-10-31,35.0,35.8,35.0,35.1,56000,41,1980400,3675,德微,otc
2018-11-01,35.0,36.3,34.9,36.3,48000,30,1724650,3675,德微,otc
2018-11-02,36.3,36.8,36.1,36.15,24000,22,875750,3675,德微,otc
2018-11-05,35.8,35.8,35.4,35.55,9000,8,319800,3675,德微,otc
2018-11-06,36.15,36.75,35.1,35.55,29000,24,1037700,3675,德微,otc
2018-11-07,36.1,36.1,36.1,36.1,1000,1,36100,3675,德微,otc
2018-11-08,36.55,36.7,35.6,35.6,42000,32,1521250,3675,德微,otc
2018-11-09,36.0,36.0,35.15,35.5,6000,6,212200,3675,德微,otc
2018-11-12,35.6,35.6,35.6,35.6,1000,1,35600,3675,德微,otc
2018-11-14,35.4,35.45,34.2,34.7,24000,21,836700,3675,德微,otc
2018-11-15,34.7,35.0,34.2,35.0,21000,19,727500,3675,德微,otc
2018-11-16,35.55,36.0,35.45,35.8,22000,18,788100,3675,德微,otc
2018-11-19,35.95,36.0,35.75,35.75,31000,24,1114950,3675,德微,otc
2018-11-20,35.05,36.0,35.05,36.0,33000,27,1179600,3675,德微,otc
2018-11-21,35.3,37.85,35.3,37.8,80000,63,2968800,3675,德微,otc
2018-11-22,37.8,38.1,37.2,37.9,36000,27,1357950,3675,德微,otc
2018-11-23,37.2,37.75,37.15,37.2,11000,9,409650,3675,德微,otc
2018-11-26,37.15,38.25,37.15,37.75,14000,14,525600,3675,德微,otc
2018-11-27,38.15,38.15,37.15,37.45,14000,12,523650,3675,德微,otc
2018-11-28,37.85,38.2,37.85,37.85,23000,19,873800,3675,德微,otc
2018-11-29,38.8,38.8,38.0,38.15,43000,24,1647150,3675,德微,otc
2018-11-30,38.45,38.7,38.25,38.5,28000,23,1077800,3675,德微,otc
2018-12-03,39.75,40.5,38.6,39.55,53000,52,2097350,3675,德微,otc
2018-12-04,39.0,39.85,38.9,38.9,29000,21,1134900,3675,德微,otc
2018-12-05,38.3,38.75,37.8,38.5,20000,19,761400,3675,德微,otc
2018-12-06,38.75,38.75,37.2,38.7,33000,23,1257600,3675,德微,otc
2018-12-07,37.8,39.25,37.45,39.25,75000,45,2859950,3675,德微,otc
2018-12-10,38.05,38.4,37.8,37.8,15000,9,570500,3675,德微,otc
2018-12-11,38.7,38.7,37.4,37.5,16000,16,607650,3675,德微,otc
2018-12-12,38.1,38.2,37.65,38.2,19000,19,721250,3675,德微,otc
2018-12-13,39.5,39.5,38.3,38.95,25000,24,968400,3675,德微,otc
2018-12-14,38.9,39.7,38.9,39.45,38000,33,1493950,3675,德微,otc
2018-12-17,40.0,42.6,39.8,41.75,259000,174,10788750,3675,德微,otc
2018-12-18,41.75,43.45,41.5,41.95,123000,87,5207400,3675,德微,otc
2018-12-19,41.95,42.5,41.3,42.35,53000,30,2229250,3675,德微,otc
2018-12-20,42.25,42.25,40.05,40.25,68000,43,2767100,3675,德微,otc
2018-12-21,40.7,41.8,40.7,41.5,31000,28,1272800,3675,德微,otc
2018-12-22,43.1,43.1,41.0,41.05,12000,12,500050,3675,德微,otc
2018-12-24,41.05,42.25,41.05,41.35,33000,21,1371800,3675,德微,otc
2018-12-25,41.25,41.7,40.15,40.8,19000,17,777600,3675,德微,otc
2018-12-26,41.75,41.75,40.3,40.3,29000,16,1177300,3675,德微,otc
2018-12-27,41.65,41.65,40.35,40.35,24000,19,975600,3675,德微,otc
2018-12-28,40.3,40.95,40.0,40.0,42000,27,1689350,3675,德微,otc
2019-01-02,40.5,40.5,40.0,40.3,7000,7,281500,3675,德微,otc
2019-01-03,40.25,40.25,39.6,40.0,25000,15,1000050,3675,德微,otc
2019-01-04,40.0,40.0,38.95,39.7,10000,10,395200,3675,德微,otc
2019-01-07,40.0,40.9,40.0,40.25,32000,25,1294400,3675,德微,otc
2019-01-08,40.5,40.75,40.1,40.55,40000,25,1611200,3675,德微,otc
2019-01-09,40.75,40.8,40.75,40.8,26000,12,1060500,3675,德微,otc
2019-01-10,41.1,41.15,40.45,41.0,26000,17,1061200,3675,德微,otc
2019-01-11,41.25,41.25,40.4,40.45,21000,17,852550,3675,德微,otc
2019-01-14,40.9,40.9,40.1,40.35,7000,7,281950,3675,德微,otc
2019-01-15,40.95,40.95,40.15,40.45,28000,14,1133050,3675,德微,otc
2019-01-16,40.6,40.6,40.0,40.0,18000,18,723300,3675,德微,otc
2019-01-17,40.75,40.75,40.45,40.5,5000,5,202700,3675,德微,otc
2019-01-18,40.3,40.85,40.3,40.6,7000,7,283750,3675,德微,otc
2019-01-21,40.95,40.95,40.5,40.5,3000,3,121950,3675,德微,otc
2019-01-22,41.15,41.15,40.0,40.2,13000,12,523750,3675,德微,otc
2019-01-23,40.45,40.5,40.05,40.15,25000,13,1007400,3675,德微,otc
2019-01-24,41.0,41.0,40.2,40.2,8000,8,323000,3675,德微,otc
2019-01-25,41.4,41.4,40.25,40.5,16000,14,649100,3675,德微,otc
2019-01-28,41.55,42.0,40.8,41.15,67000,49,2770150,3675,德微,otc
2019-01-29,40.85,41.75,40.8,41.45,16000,13,655350,3675,德微,otc
2019-01-30,41.0,43.2,40.85,43.2,36000,30,1498750,3675,德微,otc
2019-02-11,43.2,43.2,42.6,43.2,125000,86,5373700,3675,德微,otc
2019-02-12,43.8,43.85,43.55,43.65,81000,56,3540800,3675,德微,otc
2019-02-13,43.9,43.9,43.0,43.2,37000,31,1603400,3675,德微,otc
2019-02-14,43.1,43.35,42.95,43.35,69000,50,2979000,3675,德微,otc
2019-02-15,43.35,43.9,43.3,43.65,63000,46,2741600,3675,德微,otc
2019-02-18,43.75,43.75,42.5,42.55,157000,80,6747700,3675,德微,otc
2019-02-19,42.9,42.9,42.0,42.9,24000,20,1018950,3675,德微,otc
2019-02-20,43.45,43.45,42.8,43.45,55000,30,2372600,3675,德微,otc
2019-02-21,43.0,43.35,42.95,43.35,35000,30,1509400,3675,德微,otc
2019-02-22,43.25,43.65,43.25,43.5,47000,33,2043700,3675,德微,otc
2019-02-25,43.75,44.4,43.1,44.2,76000,46,3328250,3675,德微,otc
2019-02-26,44.35,44.35,43.55,43.6,34000,26,1493250,3675,德微,otc
2019-02-27,44.15,44.15,43.6,43.75,20000,16,875150,3675,德微,otc
2019-03-04,43.75,44.9,43.75,44.2,39000,35,1720550,3675,德微,otc
2019-03-05,44.45,44.9,44.3,44.85,110000,66,4919300,3675,德微,otc
2019-03-06,45.45,45.45,44.75,45.15,66000,33,2976800,3675,德微,otc
2019-03-07,45.1,45.15,44.0,44.0,56000,48,2497600,3675,德微,otc
2019-03-08,46.25,46.25,44.15,44.15,27000,25,1202350,3675,德微,otc
2019-03-11,44.55,44.55,43.6,43.6,54000,32,2361050,3675,德微,otc
2019-03-12,44.15,44.15,43.6,43.6,20000,14,875150,3675,德微,otc
2019-03-13,43.6,43.65,43.4,43.4,36000,29,1565700,3675,德微,otc
2019-03-14,43.85,43.85,43.05,43.05,46000,28,1991550,3675,德微,otc
2019-03-15,43.05,43.7,43.05,43.45,13000,11,564200,3675,德微,otc
2019-03-18,43.9,43.9,43.35,43.5,35000,25,1525150,3675,德微,otc
2019-03-19,43.2,43.75,43.1,43.35,41000,23,1776950,3675,德微,otc
2019-03-20,43.7,43.7,43.05,43.15,29000,22,1251900,3675,德微,otc
2019-03-21,43.7,43.7,43.0,43.3,31000,24,1336300,3675,德微,otc
2019-03-22,43.7,43.7,42.75,42.9,40000,26,1716950,3675,德微,otc
2019-03-25,42.1,42.7,42.1,42.15,31000,18,1308000,3675,德微,otc
2019-03-26,43.0,43.0,42.5,42.8,9000,8,384050,3675,德微,otc
2019-03-27,43.15,43.15,42.2,42.8,6000,6,255750,3675,德微,otc
2019-03-28,42.9,42.9,42.9,42.9,1000,1,42900,3675,德微,otc
2019-03-29,43.1,43.1,42.0,42.95,20000,17,856650,3675,德微,otc
2019-04-01,42.3,42.9,42.0,42.7,37000,28,1562400,3675,德微,otc
2019-04-02,42.85,42.85,42.4,42.75,13000,10,553550,3675,德微,otc
2019-04-03,42.55,42.95,42.5,42.7,22000,17,937850,3675,德微,otc
2019-04-08,42.6,42.9,42.5,42.55,40000,21,1704800,3675,德微,otc
2019-04-09,43.3,43.6,42.95,43.4,53000,42,2295200,3675,德微,otc
2019-04-10,43.8,43.8,43.4,43.6,28000,21,1219300,3675,德微,otc
2019-04-11,43.3,43.8,43.3,43.75,68000,35,2970250,3675,德微,otc
2019-04-12,43.7,43.8,43.6,43.6,65000,31,2839450,3675,德微,otc
2019-04-15,43.6,43.9,43.45,43.8,74000,33,3234100,3675,德微,otc
2019-04-16,43.8,44.6,43.8,44.3,65000,48,2882150,3675,德微,otc
2019-04-17,43.25,43.95,43.25,43.95,23000,15,1002200,3675,德微,otc
2019-04-18,43.9,43.9,43.6,43.9,21000,15,920300,3675,德微,otc
2019-04-19,43.6,43.65,43.6,43.65,21000,7,915700,3675,德微,otc
2019-04-22,43.6,43.6,43.1,43.1,35000,23,1517150,3675,德微,otc
2019-04-23,43.1,43.1,42.6,42.75,29000,22,1237650,3675,德微,otc
2019-04-24,43.0,43.0,42.5,42.95,15000,13,641950,3675,德微,otc
2019-04-25,43.0,43.0,43.0,43.0,4000,3,172000,3675,德微,otc
2019-04-26,43.0,43.0,42.3,42.3,19000,9,810100,3675,德微,otc
2019-04-29,42.15,42.25,41.55,42.25,38000,24,1595850,3675,德微,otc
2019-04-30,41.8,42.25,41.7,42.25,22000,15,921900,3675,德微,otc
2019-05-02,42.25,42.3,42.0,42.1,20000,16,844050,3675,德微,otc
2019-05-03,42.2,43.0,42.2,43.0,25000,12,1069400,3675,德微,otc
2019-05-06,43.0,43.0,42.0,43.0,26000,22,1102300,3675,德微,otc
2019-05-07,43.0,43.0,42.05,42.1,67000,42,2834500,3675,德微,otc
2019-05-08,42.0,42.05,41.0,42.05,51000,39,2122250,3675,德微,otc
2019-05-09,41.15,41.8,41.0,41.05,57000,36,2355700,3675,德微,otc
2019-05-10,41.1,41.3,40.4,40.8,44000,24,1788450,3675,德微,otc
2019-05-13,40.5,40.5,39.05,39.05,27000,24,1068800,3675,德微,otc
2019-05-14,39.05,39.05,38.8,38.95,25000,20,974450,3675,德微,otc
2019-05-15,38.9,39.95,38.9,39.5,18000,16,710700,3675,德微,otc
2019-05-16,39.5,40.25,39.5,40.0,18000,15,717750,3675,德微,otc
2019-05-17,40.2,41.8,39.5,40.05,22000,19,888800,3675,德微,otc
2019-05-20,41.35,41.35,39.0,39.95,23000,23,911500,3675,德微,otc
2019-05-21,40.8,40.8,39.4,40.4,5000,4,201000,3675,德微,otc
2019-05-22,40.4,40.8,40.0,40.0,7000,6,281600,3675,德微,otc
2019-05-23,39.85,40.3,39.5,40.2,7000,7,280450,3675,德微,otc
2019-05-24,40.6,40.6,39.6,39.6,16000,13,644450,3675,德微,otc
2019-05-27,40.6,40.6,40.6,40.6,1000,1,40600,3675,德微,otc
2019-05-28,39.45,40.3,39.0,39.8,66000,51,2594750,3675,德微,otc
2019-05-29,38.7,39.1,38.6,38.7,37000,26,1432800,3675,德微,otc
2019-05-30,38.7,39.15,38.6,38.6,7000,7,271550,3675,德微,otc
2019-05-31,38.8,40.0,38.8,39.65,19000,12,748150,3675,德微,otc
2019-06-03,40.5,40.5,39.95,39.95,2000,2,80450,3675,德微,otc
2019-06-04,40.45,40.45,39.7,39.95,6000,6,239550,3675,德微,otc
2019-06-05,40.5,40.5,39.1,39.2,11000,7,437650,3675,德微,otc
2019-06-06,40.0,40.0,39.05,39.25,17000,12,673100,3675,德微,otc
2019-06-10,39.25,40.1,39.25,40.1,5000,5,199500,3675,德微,otc
2019-06-11,40.25,40.25,39.0,39.0,6000,6,235250,3675,德微,otc
2019-06-12,39.15,40.2,39.15,39.55,28000,23,1118000,3675,德微,otc
2019-06-13,39.6,39.7,39.55,39.7,6000,5,237650,3675,德微,otc
2019-06-14,40.15,40.15,39.5,39.95,14000,12,556450,3675,德微,otc
2019-06-17,40.05,40.05,40.05,40.05,1000,1,40050,3675,德微,otc
2019-06-18,40.15,40.15,39.7,39.7,2000,2,79850,3675,德微,otc
2019-06-19,40.5,40.5,39.25,39.75,22000,18,870450,3675,德微,otc
2019-06-20,40.3,40.3,39.75,40.2,5000,5,200250,3675,德微,otc
2019-06-21,40.25,40.8,39.75,40.0,21000,16,841600,3675,德微,otc
2019-06-24,40.5,40.5,39.55,39.7,5000,3,200750,3675,德微,otc
2019-06-25,40.45,40.45,39.55,39.55,7000,6,280000,3675,德微,otc
2019-06-26,39.55,39.9,39.55,39.9,4000,4,158900,3675,德微,otc
2019-06-27,40.05,40.05,40.0,40.0,2000,2,80050,3675,德微,otc
2019-06-28,40.05,40.05,40.05,40.05,1000,1,40050,3675,德微,otc
2019-07-01,40.05,40.8,39.9,39.9,16000,14,642450,3675,德微,otc
2019-07-02,40.25,40.25,39.9,39.9,5000,5,200050,3675,德微,otc
2019-07-03,39.9,40.4,39.7,40.4,8000,7,319300,3675,德微,otc
2019-07-04,40.4,40.8,40.4,40.45,26000,17,1051850,3675,德微,otc
2019-07-05,40.6,41.5,40.6,40.75,21000,17,858800,3675,德微,otc
2019-07-08,41.15,41.15,40.3,40.3,6000,6,244800,3675,德微,otc
2019-07-09,41.85,41.85,40.15,40.2,16000,16,647450,3675,德微,otc
2019-07-10,40.15,40.2,40.0,40.05,17000,17,681700,3675,德微,otc
2019-07-11,40.15,40.4,40.15,40.2,12000,12,482250,3675,德微,otc
2019-07-12,40.6,40.6,40.6,40.6,7000,5,284200,3675,德微,otc
2019-07-15,40.6,40.6,40.6,40.6,3000,3,121800,3675,德微,otc
2019-07-16,41.35,41.35,41.0,41.0,8000,7,330450,3675,德微,otc
2019-07-17,40.95,41.25,40.2,40.2,35000,23,1413250,3675,德微,otc
2019-07-18,40.0,40.85,40.0,40.45,24000,19,968050,3675,德微,otc
2019-07-19,40.8,40.8,40.2,40.55,10000,9,403950,3675,德微,otc
2019-07-22,40.9,40.9,40.7,40.8,10000,9,408000,3675,德微,otc
2019-07-23,41.4,41.4,40.3,40.9,10000,9,406850,3675,德微,otc
2019-07-24,40.45,40.65,40.3,40.65,8000,7,323050,3675,德微,otc
2019-07-25,41.1,41.1,40.6,40.7,11000,10,449500,3675,德微,otc
2019-07-26,41.05,41.1,40.8,41.0,13000,11,532800,3675,德微,otc
2019-07-29,41.4,41.4,40.7,41.2,26000,17,1062300,3675,德微,otc
2019-07-30,41.35,41.35,40.65,40.65,10000,10,408500,3675,德微,otc
2019-07-31,40.65,41.15,40.4,41.15,24000,22,980900,3675,德微,otc
2019-08-01,41.15,41.2,40.7,41.2,9000,8,368900,3675,德微,otc
2019-08-02,39.9,41.55,39.9,41.2,39000,33,1585050,3675,德微,otc
2019-08-05,41.2,42.55,41.0,41.45,22000,19,908850,3675,德微,otc
2019-08-06,40.35,41.4,40.35,41.4,22000,20,907100,3675,德微,otc
2019-08-07,41.6,41.6,41.0,41.4,6000,4,247800,3675,德微,otc
2019-08-08,41.6,41.6,41.45,41.45,8000,7,332650,3675,德微,otc
2019-08-12,45.5,45.5,42.6,43.15,104000,85,4547600,3675,德微,otc
2019-08-13,43.0,43.0,42.3,42.8,22000,20,939000,3675,德微,otc
2019-08-14,43.15,43.2,41.55,42.85,52000,40,2209300,3675,德微,otc
2019-08-15,42.8,42.8,42.0,42.8,104000,64,4415900,3675,德微,otc
2019-08-16,40.95,41.6,40.15,40.8,43000,37,1747950,3675,德微,otc
2019-08-19,40.85,41.35,40.25,41.35,36000,32,1461750,3675,德微,otc
2019-08-20,41.0,41.35,40.8,41.35,25000,15,1026300,3675,德微,otc
2019-08-21,41.0,41.0,40.35,40.9,18000,18,732000,3675,德微,otc
2019-08-22,41.0,41.25,40.5,41.1,15000,13,614950,3675,德微,otc
2019-08-23,41.3,41.5,40.55,41.5,37000,24,1519800,3675,德微,otc
2019-08-26,42.0,42.0,40.2,41.75,50000,38,2048000,3675,德微,otc
2019-08-27,41.5,41.5,41.0,41.1,20000,17,821800,3675,德微,otc
2019-08-28,41.1,41.2,40.75,41.15,20000,16,821600,3675,德微,otc
2019-08-29,41.15,41.3,41.1,41.1,17000,14,699700,3675,德微,otc
2019-08-30,41.5,41.5,41.1,41.4,27000,18,1113050,3675,德微,otc
2019-09-02,41.5,42.25,41.5,42.0,32000,27,1339500,3675,德微,otc
2019-09-03,42.0,42.95,41.9,42.9,47000,40,1985750,3675,德微,otc
2019-09-04,43.3,43.35,42.85,43.35,110000,60,4746400,3675,德微,otc
2019-09-05,43.35,43.8,43.2,43.7,74000,45,3216800,3675,德微,otc
2019-09-06,43.95,43.95,43.0,43.75,47000,39,2044600,3675,德微,otc
2019-09-09,44.0,44.0,43.2,43.75,30000,21,1304000,3675,德微,otc
2019-09-10,43.7,43.75,43.25,43.25,10000,10,436050,3675,德微,otc
2019-09-11,42.9,44.65,42.9,44.25,91000,49,4007400,3675,德微,otc
2019-09-12,44.4,44.5,43.85,44.5,112000,61,4953400,3675,德微,otc
2019-09-16,44.55,44.85,44.0,44.0,48000,33,2123600,3675,德微,otc
2019-09-17,44.0,44.0,43.9,44.0,34000,23,1495600,3675,德微,otc
2019-09-18,44.7,44.7,44.0,44.7,83000,37,3680750,3675,德微,otc
2019-09-19,44.7,44.8,44.35,44.8,47000,28,2096350,3675,德微,otc
2019-09-20,44.3,44.6,43.55,43.85,123000,52,5415750,3675,德微,otc
2019-09-23,44.35,44.35,43.7,44.0,36000,24,1577750,3675,德微,otc
2019-09-24,44.0,44.1,43.9,44.0,20000,14,880450,3675,德微,otc
2019-09-25,44.0,44.2,43.95,43.95,35000,23,1542550,3675,德微,otc
2019-09-26,44.0,44.4,43.9,44.15,114000,43,5039900,3675,德微,otc
2019-09-27,44.15,44.3,43.8,43.9,41000,24,1810100,3675,德微,otc
2019-10-01,44.0,44.25,43.8,44.1,38000,18,1676250,3675,德微,otc
2019-10-02,43.8,44.3,43.5,44.3,22000,18,964900,3675,德微,otc
2019-10-03,44.3,44.5,44.2,44.5,8000,8,354900,3675,德微,otc
2019-10-04,44.6,48.25,44.6,46.7,246000,173,11363750,3675,德微,otc
2019-10-07,47.05,47.05,46.3,46.7,117000,69,5468050,3675,德微,otc
2019-10-08,46.7,46.7,45.5,46.0,54000,36,2488150,3675,德微,otc
2019-10-09,46.65,48.9,46.0,47.9,179000,128,8494250,3675,德微,otc
2019-10-14,47.15,48.85,47.0,48.6,162000,110,7840350,3675,德微,otc
2019-10-15,48.5,48.65,47.6,47.65,121000,74,5801450,3675,德微,otc
2019-10-16,47.65,48.1,47.5,48.1,79000,37,3765350,3675,德微,otc
2019-10-17,48.25,48.25,47.0,47.0,87000,56,4107650,3675,德微,otc
2019-10-18,47.0,47.55,47.0,47.55,45000,18,2118800,3675,德微,otc
2019-10-21,47.8,47.8,47.1,47.25,26000,19,1227500,3675,德微,otc
2019-10-22,47.15,47.5,47.15,47.25,33000,16,1562500,3675,德微,otc
2019-10-23,47.3,47.85,47.2,47.7,22000,17,1043100,3675,德微,otc
2019-10-24,47.5,47.5,46.9,46.9,56000,33,2634850,3675,德微,otc
2019-10-25,46.9,46.9,46.45,46.45,62000,40,2886650,3675,德微,otc
2019-10-28,46.2,46.35,46.15,46.2,35000,23,1620100,3675,德微,otc
2019-10-29,46.25,46.25,45.1,45.1,73000,58,3335550,3675,德微,otc
2019-10-30,45.75,45.75,45.05,45.7,30000,18,1359600,3675,德微,otc
2019-10-31,45.5,46.25,45.5,45.8,45000,27,2064400,3675,德微,otc
2019-11-01,46.25,46.25,45.5,45.85,13000,10,596950,3675,德微,otc
2019-11-04,45.95,48.0,45.7,47.3,154000,76,7327150,3675,德微,otc
2019-11-05,47.95,47.95,46.55,47.3,38000,26,1802600,3675,德微,otc
2019-11-06,47.3,47.3,46.0,46.55,96000,51,4485200,3675,德微,otc
2019-11-07,47.45,47.45,47.45,47.45,1000,1,47450,3675,德微,otc
2019-11-08,45.85,46.9,45.85,45.9,26000,19,1196650,3675,德微,otc
2019-11-11,46.95,46.95,45.6,45.7,17000,12,783250,3675,德微,otc
2019-11-12,45.5,45.95,45.5,45.8,25000,16,1140650,3675,德微,otc
2019-11-13,46.75,46.75,45.85,45.9,6000,6,276500,3675,德微,otc
2019-11-14,45.7,46.2,45.4,45.9,17000,14,777500,3675,德微,otc
2019-11-15,46.35,46.35,45.6,46.05,47000,20,2151600,3675,德微,otc
2019-11-18,45.9,46.0,45.0,45.75,73000,37,3334200,3675,德微,otc
2019-11-19,45.7,45.7,44.95,44.95,34000,27,1536800,3675,德微,otc
2019-11-20,44.5,44.75,43.7,43.8,38000,34,1674350,3675,德微,otc
2019-11-21,43.8,44.15,43.65,44.0,51000,31,2237000,3675,德微,otc
2019-11-22,44.05,44.3,44.0,44.0,15000,12,661850,3675,德微,otc
2019-11-25,44.45,44.45,44.45,44.45,1000,1,44450,3675,德微,otc
2019-11-26,44.65,44.65,43.65,44.0,20000,19,877850,3675,德微,otc
2019-11-27,44.55,44.55,43.7,43.75,12000,11,530350,3675,德微,otc
2019-11-28,44.35,44.35,43.8,43.8,3000,3,131950,3675,德微,otc
2019-11-29,43.6,43.6,43.15,43.15,18000,14,782600,3675,德微,otc
2019-12-02,42.8,43.35,42.8,42.8,20000,19,859350,3675,德微,otc
2019-12-03,42.8,43.0,42.5,42.5,13000,9,553950,3675,德微,otc
2019-12-04,43.8,43.8,43.8,43.8,1000,1,43800,3675,德微,otc
2019-12-05,44.0,44.0,43.0,43.1,22000,21,955600,3675,德微,otc
2019-12-06,43.25,43.25,42.2,42.5,62000,43,2634000,3675,德微,otc
2019-12-09,43.25,43.25,42.35,42.35,22000,18,940200,3675,德微,otc
2019-12-10,42.25,42.45,42.25,42.45,4000,4,169400,3675,德微,otc
2019-12-11,43.0,43.35,42.3,42.3,19000,14,816300,3675,德微,otc
2019-12-12,42.85,42.85,42.3,42.65,13000,13,551150,3675,德微,otc
2019-12-13,42.65,42.65,42.65,42.65,2000,2,85300,3675,德微,otc
2019-12-16,42.35,42.35,42.25,42.3,12000,11,507500,3675,德微,otc
2019-12-17,42.95,42.95,42.5,42.55,18000,11,767450,3675,德微,otc
2019-12-18,42.5,43.15,42.2,42.35,42000,25,1777350,3675,德微,otc
2019-12-19,42.15,42.65,42.0,42.6,33000,13,1390750,3675,德微,otc
2019-12-20,42.75,42.8,42.5,42.5,16000,13,681800,3675,德微,otc
2019-12-23,42.5,42.8,42.5,42.6,34000,17,1448300,3675,德微,otc
2019-12-24,42.6,43.0,42.6,42.95,46000,27,1964600,3675,德微,otc
2019-12-25,42.95,43.7,42.95,43.0,24000,17,1036450,3675,德微,otc
2019-12-26,43.05,43.85,43.05,43.85,60000,45,2602550,3675,德微,otc
2019-12-27,43.85,44.2,43.75,44.05,57000,35,2507750,3675,德微,otc
2019-12-30,45.75,46.3,45.0,45.5,77000,61,3506800,3675,德微,otc
2019-12-31,45.5,45.7,45.25,45.7,24000,17,1094350,3675,德微,otc
2020-01-02,45.6,45.6,45.35,45.35,14000,11,636950,3675,德微,otc
2020-01-03,45.5,45.5,44.7,45.35,20000,16,907050,3675,德微,otc
2020-01-06,45.65,45.65,44.0,45.35,9000,8,406600,3675,德微,otc
2020-01-07,45.45,45.45,44.45,45.0,19000,18,852800,3675,德微,otc
2020-01-08,45.35,45.4,45.0,45.0,33000,21,1486650,3675,德微,otc
2020-01-09,45.0,45.0,44.4,45.0,25000,19,1120700,3675,德微,otc
2020-01-10,45.1,45.2,44.9,45.1,26000,18,1171300,3675,德微,otc
2020-01-13,45.65,45.65,44.9,45.0,10000,8,451100,3675,德微,otc
2020-01-14,45.05,45.05,43.8,44.95,24000,18,1071950,3675,德微,otc
2020-01-15,44.8,45.05,43.8,45.05,40000,21,1791950,3675,德微,otc
2020-01-16,45.05,45.05,44.95,44.95,20000,14,899600,3675,德微,otc
2020-01-17,45.4,45.4,44.9,44.9,8000,7,360050,3675,德微,otc
2020-01-20,46.4,46.4,45.0,45.0,60000,43,2747750,3675,德微,otc
2020-01-30,45.0,46.0,44.1,44.45,96000,68,4308150,3675,德微,otc
2020-01-31,44.1,44.1,44.1,44.1,8000,7,352800,3675,德微,otc
2020-02-03,43.8,43.9,43.15,43.9,36000,24,1563650,3675,德微,otc
2020-02-04,43.9,44.75,43.9,44.5,5000,5,222650,3675,德微,otc
2020-02-05,45.25,45.25,44.3,45.0,7000,7,314200,3675,德微,otc
2020-02-06,45.4,45.5,44.55,45.05,44000,24,1986050,3675,德微,otc
2020-02-07,44.9,44.9,43.5,43.5,90000,63,3960950,3675,德微,otc
2020-02-10,44.1,44.1,43.0,43.0,40000,27,1727450,3675,德微,otc
2020-02-11,43.8,43.8,43.0,43.6,44000,26,1899550,3675,德微,otc
2020-02-12,43.4,44.0,43.35,44.0,28000,14,1217700,3675,德微,otc
2020-02-13,43.8,43.8,43.6,43.6,4000,3,175000,3675,德微,otc
2020-02-14,43.25,44.0,43.2,43.9,8000,7,348050,3675,德微,otc
2020-02-17,43.95,43.95,43.15,43.6,32000,25,1391000,3675,德微,otc
2020-02-18,43.5,44.0,43.35,43.8,76000,32,3310200,3675,德微,otc
2020-02-19,43.7,43.8,43.6,43.8,10000,8,437300,3675,德微,otc
2020-02-20,43.5,43.9,43.5,43.9,16000,12,697200,3675,德微,otc
2020-02-21,44.0,44.05,43.8,43.8,11000,8,483650,3675,德微,otc
2020-02-24,43.5,43.5,43.0,43.0,27000,19,1165100,3675,德微,otc
2020-02-25,43.0,43.0,43.0,43.0,7000,6,301000,3675,德微,otc
2020-02-26,43.0,43.0,42.9,43.0,11000,9,472600,3675,德微,otc
2020-02-27,42.5,42.8,42.3,42.8,40000,28,1701900,3675,德微,otc
2020-03-02,42.35,42.55,40.25,41.5,34000,29,1402150,3675,德微,otc
2020-03-03,41.5,43.2,41.5,41.6,76000,37,3201400,3675,德微,otc
2020-03-04,41.5,41.5,40.5,40.6,37000,30,1508700,3675,德微,otc
2020-03-05,41.0,41.0,39.7,39.8,180000,109,7195000,3675,德微,otc
2020-03-06,39.8,39.8,39.3,39.5,55000,31,2174400,3675,德微,otc
2020-03-09,39.1,39.5,38.85,38.9,41000,30,1601950,3675,德微,otc
2020-03-10,38.9,39.0,38.0,38.25,30000,23,1143450,3675,德微,otc
2020-03-11,38.15,39.0,38.0,38.25,52000,30,1991100,3675,德微,otc
2020-03-12,36.8,38.0,36.8,36.8,68000,51,2513550,3675,德微,otc
2020-03-13,35.3,40.45,35.3,38.0,99000,71,3778250,3675,德微,otc
2020-03-16,38.0,38.0,36.2,36.2,28000,24,1033850,3675,德微,otc
2020-03-17,36.0,36.0,34.2,34.5,45000,32,1579650,3675,德微,otc
2020-03-18,35.0,36.0,34.1,34.5,38000,28,1324600,3675,德微,otc
2020-03-19,34.5,34.5,31.05,31.8,250000,86,7918000,3675,德微,otc
2020-03-20,31.7,33.0,31.7,32.9,53000,39,1718250,3675,德微,otc
2020-03-23,31.1,32.4,31.1,32.3,73000,24,2332600,3675,德微,otc
2020-03-24,32.3,33.0,32.2,33.0,19000,15,613300,3675,德微,otc
2020-03-25,33.8,33.8,32.7,33.3,47000,30,1558200,3675,德微,otc
2020-03-26,33.6,33.6,32.3,32.6,13000,10,428800,3675,德微,otc
2020-03-27,33.3,33.75,32.7,33.75,25000,19,827100,3675,德微,otc
2020-03-30,32.0,33.5,32.0,33.5,80000,38,2616800,3675,德微,otc
2020-03-31,33.0,33.4,32.75,33.4,62000,26,2046950,3675,德微,otc
2020-04-01,33.0,34.8,33.0,34.0,85000,37,2879700,3675,德微,otc
2020-04-06,34.65,34.65,33.15,34.0,20000,18,675400,3675,德微,otc
2020-04-07,34.05,34.05,33.6,33.6,6000,6,203250,3675,德微,otc
2020-04-08,36.2,36.2,34.8,35.05,78000,52,2757300,3675,德微,otc
2020-04-09,35.5,35.5,34.6,35.3,13000,11,457100,3675,德微,otc
2020-04-10,35.4,37.4,35.4,36.65,49000,33,1776650,3675,德微,otc
2020-04-13,36.9,40.3,36.9,40.3,230000,127,9022700,3675,德微,otc
2020-04-14,40.4,43.0,40.4,41.8,200000,147,8393750,3675,德微,otc
2020-04-15,42.5,43.4,42.0,42.0,120000,77,5108050,3675,德微,otc
2020-04-16,43.0,44.85,43.0,44.8,176000,117,7739550,3675,德微,otc
2020-04-17,45.0,46.0,44.55,44.55,155000,119,7027400,3675,德微,otc
2020-04-20,44.6,44.8,43.3,44.3,14000,13,617700,3675,德微,otc
2020-04-21,43.3,44.5,43.0,43.0,36000,24,1551800,3675,德微,otc
2020-04-22,43.0,43.55,41.8,42.8,28000,22,1185900,3675,德微,otc
2020-04-23,43.6,44.0,43.0,43.05,49000,32,2131650,3675,德微,otc
2020-04-24,43.05,43.05,42.5,42.7,12000,3,515700,3675,德微,otc
2020-04-27,43.8,43.9,43.05,43.05,18000,14,786400,3675,德微,otc
2020-04-28,42.7,43.5,42.6,43.5,17000,10,731900,3675,德微,otc
2020-04-29,43.5,44.25,43.5,43.6,51000,38,2234900,3675,德微,otc
2020-04-30,44.9,45.0,44.1,44.9,72000,51,3219050,3675,德微,otc
2020-05-04,44.9,45.8,44.9,45.3,47000,35,2129450,3675,德微,otc
2020-05-05,46.0,46.6,45.6,46.0,58000,45,2678900,3675,德微,otc
2020-05-06,46.5,46.5,45.1,45.5,50000,32,2287900,3675,德微,otc
2020-05-07,45.5,46.0,45.05,45.9,36000,19,1634200,3675,德微,otc
2020-05-08,46.0,46.5,45.0,46.0,53000,37,2412350,3675,德微,otc
2020-05-11,45.3,46.0,45.3,46.0,60000,34,2739650,3675,德微,otc
2020-05-12,46.0,46.5,45.6,46.3,115000,50,5309450,3675,德微,otc
2020-05-13,45.7,46.0,45.55,45.55,50000,31,2286950,3675,德微,otc
2020-05-14,45.55,45.55,45.2,45.2,22000,12,996500,3675,德微,otc
2020-05-15,45.2,45.4,45.0,45.0,21000,16,949400,3675,德微,otc
2020-05-18,45.0,45.0,45.0,45.0,4000,4,180000,3675,德微,otc
2020-05-19,44.7,44.8,44.6,44.6,42000,24,1874200,3675,德微,otc
2020-05-20,44.3,44.5,44.2,44.25,20000,14,885750,3675,德微,otc
2020-05-21,44.1,44.1,43.6,43.8,72000,48,3157150,3675,德微,otc
2020-05-22,43.8,46.2,43.5,45.5,179000,88,8062900,3675,德微,otc
2020-05-25,46.0,49.4,45.5,49.3,440000,300,21135150,3675,德微,otc
2020-05-26,49.3,50.9,48.7,49.3,377000,246,18779450,3675,德微,otc
2020-05-27,50.0,52.5,48.8,52.0,910000,485,46337750,3675,德微,otc
2020-05-28,54.2,54.4,51.9,51.9,577000,371,30699600,3675,德微,otc
2020-05-29,52.5,53.6,51.5,51.5,854000,448,44960500,3675,德微,otc
2020-06-01,51.8,53.5,51.8,53.5,303000,182,16025800,3675,德微,otc
2020-06-02,53.8,54.8,53.2,54.8,676000,305,36581100,3675,德微,otc
2020-06-03,54.8,59.0,54.7,59.0,1373000,722,77270500,3675,德微,otc
2020-06-04,59.9,62.7,59.6,62.4,2389000,1229,146372600,3675,德微,otc
2020-06-05,62.9,62.9,60.7,62.0,654000,446,40382000,3675,德微,otc
2020-06-08,63.0,68.2,62.6,68.2,2019000,1050,133673900,3675,德微,otc
2020-06-09,71.4,72.0,62.9,64.0,3076000,1718,208005300,3675,德微,otc
2020-06-10,64.7,66.4,62.5,64.3,442000,337,28706700,3675,德微,otc
2020-06-11,64.3,67.6,64.3,66.9,985000,650,65305300,3675,德微,otc
2020-06-12,64.0,71.8,63.6,70.4,1802000,1224,123416700,3675,德微,otc
2020-06-15,73.8,77.4,73.8,77.4,2186000,1409,167324100,3675,德微,otc
2020-06-16,79.0,79.5,73.1,75.6,2094000,1473,159914600,3675,德微,otc
2020-06-17,75.2,81.6,75.1,79.7,2421000,1736,191287000,3675,德微,otc
2020-06-18,79.7,81.5,78.1,78.7,823000,581,65337200,3675,德微,otc
2020-06-19,79.1,80.3,74.0,75.5,1011000,763,77695500,3675,德微,otc
2020-06-22,76.5,80.5,76.1,79.2,1652000,1198,130646200,3675,德微,otc
2020-06-23,80.1,85.0,80.0,82.3,2447000,1807,202810300,3675,德微,otc
2020-06-24,82.6,84.0,79.5,80.5,982000,680,79740800,3675,德微,otc
2020-06-29,81.9,81.9,78.2,78.5,470000,338,37088300,3675,德微,otc
2020-06-30,79.6,83.4,79.6,81.6,1124000,835,92008800,3675,德微,otc
2020-07-01,82.0,82.2,80.0,80.7,580000,413,46826100,3675,德微,otc
2020-07-02,80.7,81.5,78.9,81.0,554000,385,44397100,3675,德微,otc
2020-07-03,80.9,82.5,80.2,81.0,467000,290,37940900,3675,德微,otc
2020-07-06,81.9,84.5,79.6,81.4,964000,646,78728200,3675,德微,otc
2020-07-07,84.5,89.5,81.0,87.2,2946000,2068,253709600,3675,德微,otc
2020-07-08,88.8,91.2,86.7,87.1,1665000,1271,147481700,3675,德微,otc
2020-07-09,87.4,88.7,81.5,82.1,1357000,988,114312900,3675,德微,otc
2020-07-10,83.5,83.5,74.1,74.1,1556000,1021,119475700,3675,德微,otc
2020-07-13,75.9,75.9,72.0,74.4,592000,448,43953300,3675,德微,otc
2020-07-14,74.5,75.1,70.6,71.5,750000,470,54346400,3675,德微,otc
2020-07-15,71.5,76.9,71.5,75.2,1376000,983,102162700,3675,德微,otc
2020-07-16,74.7,75.7,73.3,73.6,435000,322,32257800,3675,德微,otc
2020-07-17,73.6,75.7,72.0,75.0,768000,507,56955100,3675,德微,otc
2020-07-20,75.0,75.0,72.5,73.0,279000,200,20391200,3675,德微,otc
2020-07-21,73.9,74.5,72.3,72.6,323000,243,23687700,3675,德微,otc
2020-07-22,73.0,73.9,72.0,72.5,412000,289,29932300,3675,德微,otc
2020-07-23,73.2,73.9,70.0,70.5,511000,397,36415600,3675,德微,otc
2020-07-24,70.0,72.4,69.9,71.3,538000,343,38194200,3675,德微,otc
2020-07-27,71.5,71.6,65.8,66.3,592000,438,40271400,3675,德微,otc
2020-07-28,65.1,68.9,64.9,66.3,623000,395,41352500,3675,德微,otc
2020-07-29,67.2,69.5,67.2,68.5,460000,295,31482300,3675,德微,otc
2020-07-30,69.4,75.1,69.4,75.0,1081000,748,79037600,3675,德微,otc
2020-07-31,73.6,77.0,73.5,74.8,537000,428,40283900,3675,德微,otc
2020-08-03,75.1,75.1,72.5,72.9,291000,215,21304000,3675,德微,otc
2020-08-04,74.5,79.2,73.7,76.0,1222000,843,93609400,3675,德微,otc
2020-08-05,78.1,78.5,73.9,74.0,962000,702,72871400,3675,德微,otc
2020-08-06,74.0,75.0,72.5,74.2,480000,340,35478800,3675,德微,otc
2020-08-07,74.2,74.3,70.5,71.0,459000,369,33003600,3675,德微,otc
2020-08-10,72.0,72.6,69.6,70.5,313000,253,22335000,3675,德微,otc
2020-08-11,70.6,70.7,66.0,67.0,698000,523,47504000,3675,德微,otc
2020-08-12,67.0,67.2,65.0,65.8,552000,406,36263900,3675,德微,otc
2020-08-13,66.3,71.2,66.3,69.4,1159000,740,79938300,3675,德微,otc
2020-08-14,68.3,71.2,68.3,69.5,305000,256,21147400,3675,德微,otc
2020-08-17,70.0,70.1,67.8,68.3,321000,247,21984100,3675,德微,otc
2020-08-18,69.2,70.9,67.8,68.0,399000,318,27479000,3675,德微,otc
2020-08-19,69.4,69.4,67.2,67.8,207000,179,14081300,3675,德微,otc
2020-08-20,67.8,67.8,61.5,62.0,925000,579,58901700,3675,德微,otc
2020-08-21,63.7,66.4,62.8,65.7,361000,247,23328200,3675,德微,otc
2020-08-24,65.7,69.5,65.1,68.2,522000,414,35502600,3675,德微,otc
2020-08-25,69.4,72.0,69.4,71.1,1595000,1155,113108100,3675,德微,otc
2020-08-26,70.1,71.1,70.0,70.2,326000,252,22922000,3675,德微,otc
2020-08-27,71.1,71.6,70.0,70.5,470000,375,33292200,3675,德微,otc
2020-08-28,70.6,71.3,70.1,70.1,113000,97,7965200,3675,德微,otc
2020-08-31,70.5,70.5,69.1,69.5,231000,202,16116500,3675,德微,otc
2020-09-01,70.5,73.2,70.0,70.4,838000,668,60109700,3675,德微,otc
2020-09-02,70.8,70.8,66.7,67.0,912000,684,61844000,3675,德微,otc
2020-09-03,67.0,68.3,65.7,67.5,630000,461,42466800,3675,德微,otc
2020-09-04,66.0,68.6,66.0,67.5,466000,355,31385200,3675,德微,otc
2020-09-07,69.4,73.8,69.4,70.7,2582000,1942,185334400,3675,德微,otc
2020-09-08,73.0,75.0,70.0,70.5,2272000,1655,165936700,3675,德微,otc
2020-09-09,70.1,72.6,68.7,70.9,1197000,855,84601000,3675,德微,otc
2020-09-10,73.0,74.8,69.8,69.9,2525000,1800,182401900,3675,德微,otc
2020-09-11,69.6,70.5,66.5,67.5,1220000,850,82903000,3675,德微,otc
2020-09-14,68.0,68.1,66.2,67.5,290000,215,19527500,3675,德微,otc
2020-09-15,68.0,69.8,67.5,68.0,518000,413,35625700,3675,德微,otc
2020-09-16,68.8,68.9,67.6,68.1,200000,158,13619700,3675,德微,otc
2020-09-17,68.3,68.6,67.1,67.6,150000,118,10153000,3675,德微,otc
2020-09-18,67.4,68.7,67.0,67.1,273000,171,18465900,3675,德微,otc
2020-09-21,67.5,67.5,65.7,65.9,265000,211,17572000,3675,德微,otc
2020-09-22,65.9,65.9,63.6,64.0,302000,222,19427600,3675,德微,otc
2020-09-23,64.1,64.6,63.0,63.4,177000,144,11268900,3675,德微,otc
2020-09-24,65.0,68.8,63.5,65.7,1611000,1233,107432700,3675,德微,otc
2020-09-25,67.0,67.8,59.2,62.2,894000,692,56920500,3675,德微,otc
2020-09-28,62.5,62.7,61.0,61.9,198000,160,12256300,3675,德微,otc
2020-09-29,63.8,63.8,61.0,61.0,199000,168,12242900,3675,德微,otc
2020-09-30,61.0,61.5,60.4,60.5,127000,104,7705800,3675,德微,otc
2020-10-05,60.9,60.9,57.3,57.7,551000,423,32280900,3675,德微,otc
2020-10-06,58.4,59.4,57.7,58.4,362000,265,21155500,3675,德微,otc
2020-10-07,57.7,61.5,57.2,60.8,592000,442,35156300,3675,德微,otc
2020-10-08,61.8,63.9,61.8,62.7,620000,442,38878100,3675,德微,otc
2020-10-12,62.7,63.9,61.0,61.5,221000,168,13834000,3675,德微,otc
2020-10-13,61.9,62.3,60.5,61.1,126000,93,7720100,3675,德微,otc
2020-10-14,61.4,61.7,60.5,60.7,101000,86,6166000,3675,德微,otc
2020-10-15,61.5,62.8,60.9,62.7,227000,169,14065300,3675,德微,otc
2020-10-16,62.8,63.1,60.3,61.2,211000,146,13075200,3675,德微,otc
2020-10-19,64.8,67.3,63.3,67.3,1567000,715,104690300,3675,德微,otc
2020-10-20,66.8,68.5,65.9,67.4,935000,599,62433100,3675,德微,otc
2020-10-21,67.4,72.2,66.2,70.9,1154000,808,80700400,3675,德微,otc
2020-10-22,70.9,73.0,69.3,70.0,682000,476,48532900,3675,德微,otc
2020-10-23,71.6,74.2,70.0,73.0,1071000,811,77926400,3675,德微,otc
2020-10-26,72.8,73.8,71.0,71.4,448000,316,32441900,3675,德微,otc
2020-10-27,71.2,72.7,70.8,71.6,179000,138,12847400,3675,德微,otc
2020-10-28,72.6,72.6,70.8,71.1,211000,158,15059000,3675,德微,otc
2020-10-29,69.4,72.5,69.4,72.1,282000,180,20072800,3675,德微,otc
2020-10-30,73.8,73.8,71.4,71.5,178000,129,12832500,3675,德微,otc
2020-11-02,71.5,72.6,69.7,71.4,156000,114,11052000,3675,德微,otc
2020-11-03,71.9,71.9,70.8,71.4,105000,95,7502600,3675,德微,otc
2020-11-04,71.4,74.7,71.1,74.5,690000,502,50865000,3675,德微,otc
2020-11-05,74.5,78.9,73.1,76.7,1227000,908,94159000,3675,德微,otc
2020-11-06,76.0,77.2,74.9,75.5,550000,361,41840700,3675,德微,otc
2020-11-09,76.0,78.2,75.6,77.8,415000,304,32106300,3675,德微,otc
2020-11-10,78.4,78.5,75.3,77.0,472000,276,36245900,3675,德微,otc
2020-11-11,77.0,78.2,76.1,77.8,245000,177,18946700,3675,德微,otc
2020-11-12,78.6,78.7,77.2,77.2,224000,142,17479200,3675,德微,otc
2020-11-13,77.5,79.9,77.4,78.4,452000,319,35626900,3675,德微,otc
2020-11-16,78.6,84.8,78.6,84.5,1382000,899,112806100,3675,德微,otc
2020-11-17,84.4,86.0,80.7,83.1,1373000,875,114907300,3675,德微,otc
2020-11-18,84.5,88.0,84.0,87.0,1947000,1364,167690500,3675,德微,otc
2020-11-19,82.0,82.7,78.3,78.3,1410000,903,111833400,3675,德微,otc
2020-11-20,73.0,74.0,70.5,71.9,2376000,1571,170824200,3675,德微,otc
2020-11-23,71.8,71.9,69.8,70.3,925000,700,65419300,3675,德微,otc
2020-11-24,70.6,72.1,70.6,71.2,653000,464,46547500,3675,德微,otc
2020-11-25,72.0,75.3,71.6,73.2,1364000,941,100511000,3675,德微,otc
2020-11-26,73.8,76.0,73.8,74.8,787000,554,58925100,3675,德微,otc
2020-11-27,75.5,75.8,74.0,74.1,503000,384,37678700,3675,德微,otc
2020-11-30,75.1,76.2,74.7,75.2,425000,302,32014600,3675,德微,otc
2020-12-01,75.3,76.5,74.3,74.8,370000,253,27849100,3675,德微,otc
2020-12-02,76.0,76.0,73.7,73.7,440000,270,32643800,3675,德微,otc
2020-12-03,73.8,75.7,73.8,74.5,242000,166,18104700,3675,德微,otc
2020-12-04,74.1,78.4,74.1,76.6,954000,649,73436700,3675,德微,otc
2020-12-07,77.9,79.8,77.0,79.6,937000,633,73584800,3675,德微,otc
2020-12-08,78.9,80.0,78.1,79.2,431000,306,34109500,3675,德微,otc
2020-12-09,81.0,82.1,76.7,77.6,1462000,943,115405500,3675,德微,otc
2020-12-10,78.0,78.0,73.8,75.1,639000,463,48231900,3675,德微,otc
2020-12-11,75.9,75.9,72.2,74.0,337000,263,24833000,3675,德微,otc
2020-12-14,75.6,75.8,74.3,74.7,178000,124,13363100,3675,德微,otc
2020-12-15,75.6,75.6,71.0,71.6,397000,280,28706900,3675,德微,otc
2020-12-16,72.1,74.6,72.1,73.3,276000,174,20264200,3675,德微,otc
2020-12-17,73.5,74.0,72.5,74.0,129000,103,9451700,3675,德微,otc
2020-12-18,74.2,75.6,73.3,75.1,192000,133,14314000,3675,德微,otc
2020-12-21,75.8,75.8,72.9,74.3,224000,163,16453100,3675,德微,otc
2020-12-22,72.9,74.2,71.0,71.1,153000,110,11114500,3675,德微,otc
2020-12-23,71.5,73.4,71.5,72.9,181000,140,13153000,3675,德微,otc
2020-12-24,73.2,74.5,73.0,74.5,286000,202,21139800,3675,德微,otc
2020-12-25,74.8,74.8,73.0,73.2,151000,126,11131100,3675,德微,otc
2020-12-28,74.3,74.3,72.4,73.9,239000,183,17470900,3675,德微,otc
2020-12-29,74.2,77.7,73.8,77.6,947000,675,72002100,3675,德微,otc
2020-12-30,77.6,78.5,75.8,76.9,681000,500,52382300,3675,德微,otc
2020-12-31,77.9,77.9,76.3,77.0,273000,201,21003400,3675,德微,otc
2021-01-04,76.9,79.9,76.9,79.1,752000,465,59120200,3675,德微,otc
2021-01-05,79.2,79.6,78.0,78.4,347000,239,27326200,3675,德微,otc
2021-01-06,80.0,80.0,75.0,76.3,715000,525,55106100,3675,德微,otc
2021-01-07,76.9,77.4,74.4,74.4,309000,211,23371800,3675,德微,otc
2021-01-08,74.7,74.7,72.5,73.9,407000,259,29848700,3675,德微,otc
2021-01-11,73.9,74.8,73.1,74.8,160000,97,11826500,3675,德微,otc
2021-01-12,74.7,74.8,72.0,73.4,246000,173,17952500,3675,德微,otc
2021-01-13,73.4,75.2,72.5,74.2,119000,91,8757400,3675,德微,otc
2021-01-14,74.8,74.8,72.9,73.9,100000,80,7333500,3675,德微,otc
2021-01-15,74.0,74.0,71.0,71.0,288000,217,20719700,3675,德微,otc
2021-01-18,71.1,72.3,68.2,70.3,221000,173,15487600,3675,德微,otc
2021-01-19,70.3,71.8,70.2,71.5,74000,64,5260200,3675,德微,otc
2021-01-20,71.5,72.5,68.0,68.0,344000,260,23630400,3675,德微,otc
2021-01-21,69.9,69.9,67.8,68.0,136000,93,9303000,3675,德微,otc
2021-01-22,68.0,68.6,66.4,67.7,268000,186,18005400,3675,德微,otc
2021-01-25,67.6,67.6,64.5,67.0,370000,271,24393300,3675,德微,otc
2021-01-26,68.0,69.8,67.7,68.7,352000,216,24121800,3675,德微,otc
2021-01-27,69.0,71.7,68.5,71.2,205000,148,14272800,3675,德微,otc
2021-01-28,70.1,72.4,69.6,71.6,235000,166,16796900,3675,德微,otc
2021-01-29,72.0,74.5,70.8,70.8,477000,302,34753000,3675,德微,otc
2021-02-01,70.9,71.0,69.4,70.3,129000,97,9061500,3675,德微,otc
2021-02-02,70.3,71.7,70.3,71.6,118000,69,8358400,3675,德微,otc
2021-02-03,72.4,74.5,72.4,73.6,676000,458,49634300,3675,德微,otc
2021-02-04,73.9,74.0,69.7,69.7,519000,362,37085600,3675,德微,otc
2021-02-05,70.5,70.5,69.1,69.5,192000,143,13390300,3675,德微,otc
2021-02-17,71.2,74.0,70.0,72.0,299000,227,21434800,3675,德微,otc
2021-02-18,73.2,73.6,72.4,72.8,198000,158,14456200,3675,德微,otc
2021-02-19,72.8,73.3,72.5,72.7,153000,113,11137000,3675,德微,otc
2021-02-22,72.7,73.6,71.9,73.4,313000,213,22759900,3675,德微,otc
2021-02-23,73.0,74.0,72.5,73.2,205000,143,15054600,3675,德微,otc
2021-02-24,73.4,75.5,73.3,74.6,605000,426,45177300,3675,德微,otc
2021-02-25,75.3,76.0,72.1,72.4,553000,426,40638900,3675,德微,otc
2021-02-26,72.0,72.6,71.2,72.0,132000,117,9487400,3675,德微,otc
2021-03-02,73.4,73.4,70.6,70.6,163000,140,11659300,3675,德微,otc
2021-03-03,70.6,70.7,69.5,70.4,130000,109,9119600,3675,德微,otc
2021-03-04,70.0,70.5,69.1,69.4,233000,143,16227100,3675,德微,otc
2021-03-05,69.0,70.8,69.0,70.1,157000,122,10981000,3675,德微,otc
2021-03-08,70.3,70.3,69.0,69.2,148000,107,10283500,3675,德微,otc
2021-03-09,69.2,69.2,67.8,68.5,149000,137,10183100,3675,德微,otc
2021-03-10,69.5,70.2,69.0,69.4,92000,75,6387000,3675,德微,otc
2021-03-11,70.0,70.4,69.4,70.1,105000,86,7342300,3675,德微,otc
2021-03-12,70.2,70.7,69.0,70.1,265000,129,18593500,3675,德微,otc
2021-03-15,70.0,71.1,70.0,70.2,112000,82,7904900,3675,德微,otc
2021-03-16,70.6,70.7,69.9,69.9,133000,77,9345800,3675,德微,otc
2021-03-17,69.9,69.9,69.2,69.4,92000,73,6394900,3675,德微,otc
2021-03-18,69.5,70.3,69.3,69.7,81000,70,5642500,3675,德微,otc
2021-03-19,69.5,69.7,68.9,69.2,123000,95,8506400,3675,德微,otc
2021-03-22,69.2,73.5,69.0,70.8,467000,354,33477500,3675,德微,otc
2021-03-23,71.0,71.0,69.1,69.5,128000,111,8943700,3675,德微,otc
2021-03-24,69.2,69.9,69.2,69.6,76000,48,5283500,3675,德微,otc
2021-03-25,69.7,70.8,69.6,69.6,146000,96,10238400,3675,德微,otc
2021-03-26,69.7,71.1,69.7,70.6,81000,49,5709900,3675,德微,otc
2021-03-29,70.6,71.5,70.0,70.9,190000,158,13442200,3675,德微,otc
2021-03-30,71.6,71.9,71.0,71.1,146000,110,10422000,3675,德微,otc
2021-03-31,71.1,71.1,70.5,70.6,83000,74,5872900,3675,德微,otc
2021-04-01,70.7,71.4,70.7,71.1,105000,83,7468900,3675,德微,otc
2021-04-06,72.0,75.4,72.0,75.3,1203000,842,89285800,3675,德微,otc
2021-04-07,75.6,82.8,75.2,80.4,3828000,2186,308962700,3675,德微,otc
2021-04-08,81.0,85.9,79.2,85.9,1985000,1283,164091800,3675,德微,otc
2021-04-09,85.9,87.0,82.5,87.0,1510000,976,127767200,3675,德微,otc
2021-04-12,88.0,94.5,86.5,94.3,2598000,1643,235321200,3675,德微,otc
2021-04-13,91.1,94.3,88.1,88.6,1058000,785,96921000,3675,德微,otc
2021-04-14,89.5,97.2,84.0,97.2,2453000,1631,219162100,3675,德微,otc
2021-04-15,97.7,100.0,94.2,96.5,1707000,1296,165812600,3675,德微,otc
2021-04-16,96.6,100.0,96.0,99.1,1137000,774,111880700,3675,德微,otc
2021-04-19,109.0,109.0,106.0,109.0,2359000,1208,256060500,3675,德微,otc
2021-04-20,111.0,111.0,104.0,107.0,1245000,853,133733000,3675,德微,otc
2021-04-21,106.0,117.5,105.0,114.0,1561000,1139,175944000,3675,德微,otc
2021-04-22,115.0,122.5,113.0,116.0,1854000,1303,216963000,3675,德微,otc
2021-04-23,118.5,121.0,114.5,117.0,793000,637,93080000,3675,德微,otc
2021-04-26,118.0,118.0,105.5,106.5,2149000,1393,230757500,3675,德微,otc
2021-04-27,114.0,117.0,111.0,117.0,1463000,824,169079500,3675,德微,otc
2021-04-28,118.5,127.5,115.0,116.0,1291000,946,155410000,3675,德微,otc
2021-04-29,117.0,122.0,115.0,115.0,689000,484,80917000,3675,德微,otc
2021-05-03,112.5,115.0,105.0,108.0,875000,615,95923000,3675,德微,otc
2021-05-04,109.0,112.0,97.7,108.0,1081000,710,112561700,3675,德微,otc
2021-05-05,110.0,112.5,100.0,100.5,778000,520,81776000,3675,德微,otc
2021-05-06,100.5,105.5,100.0,103.0,578000,440,59286000,3675,德微,otc
2021-05-07,105.5,110.0,104.5,108.0,454000,337,48802000,3675,德微,otc
2021-05-10,106.5,107.5,100.0,100.0,555000,410,57083000,3675,德微,otc
2021-05-11,99.9,102.5,95.9,97.0,782000,613,77662500,3675,德微,otc
2021-05-12,96.1,100.0,87.3,90.7,1197000,822,108957500,3675,德微,otc
2021-05-13,90.0,95.5,87.3,92.1,881000,555,81208700,3675,德微,otc
2021-05-14,93.1,95.8,87.3,88.5,591000,432,53417600,3675,德微,otc
2021-05-17,81.2,90.7,80.3,81.3,637000,393,53981200,3675,德微,otc
2021-05-18,85.0,89.4,84.0,89.4,344000,219,30240900,3675,德微,otc
2021-05-19,89.0,92.6,87.7,90.5,278000,216,24983200,3675,德微,otc
2021-05-20,90.5,91.0,88.5,89.6,105000,89,9434900,3675,德微,otc
2021-05-21,91.0,93.7,89.2,92.7,239000,169,21956300,3675,德微,otc
2021-05-24,91.0,97.0,91.0,96.8,247000,207,23564400,3675,德微,otc
2021-05-25,98.5,104.5,98.4,101.0,634000,483,64387500,3675,德微,otc
2021-05-26,103.0,105.0,100.0,103.5,281000,235,28855000,3675,德微,otc
2021-05-27,102.0,103.5,100.0,101.0,188000,149,19093500,3675,德微,otc
2021-05-28,102.5,109.0,102.5,104.0,481000,332,50572500,3675,德微,otc
2021-05-31,106.5,109.0,104.0,106.5,552000,375,59033000,3675,德微,otc
2021-06-01,109.0,109.5,104.0,106.0,493000,348,52335000,3675,德微,otc
2021-06-02,107.0,107.0,101.0,101.5,434000,343,44719500,3675,德微,otc
2021-06-03,100.0,106.0,100.0,105.5,398000,317,41179500,3675,德微,otc
2021-06-04,105.0,109.0,104.0,109.0,392000,322,42098500,3675,德微,otc
2021-06-07,111.5,112.0,104.0,107.0,405000,331,43657500,3675,德微,otc
2021-06-08,109.0,109.0,105.5,106.5,107000,85,11437500,3675,德微,otc
2021-06-09,107.0,107.0,103.0,103.0,170000,150,17817500,3675,德微,otc
2021-06-10,105.5,110.0,105.5,106.0,382000,289,41132000,3675,德微,otc
2021-06-11,108.0,109.5,104.5,107.5,243000,194,25891000,3675,德微,otc
2021-06-15,107.0,107.0,104.0,105.0,231000,187,24354500,3675,德微,otc
2021-06-16,106.5,106.5,99.1,99.1,751000,539,76379300,3675,德微,otc
2021-06-17,100.0,106.0,99.0,104.0,377000,315,38816600,3675,德微,otc
2021-06-18,104.0,105.0,101.0,101.0,291000,233,29824500,3675,德微,otc
2021-06-21,100.5,103.5,99.7,99.8,284000,223,28614900,3675,德微,otc
2021-06-22,101.5,102.5,98.0,98.0,441000,347,43834300,3675,德微,otc
2021-06-23,99.9,104.0,99.5,104.0,462000,339,47232200,3675,德微,otc
2021-06-24,106.0,109.0,104.0,107.0,634000,453,67692000,3675,德微,otc
2021-06-25,109.0,117.5,107.0,117.5,2298000,1434,265175500,3675,德微,otc
2021-06-28,123.0,123.0,112.5,113.0,2068000,1558,241899500,3675,德微,otc
2021-06-29,114.0,115.0,102.5,102.5,2081000,1364,222257500,3675,德微,otc
2021-06-30,104.0,107.5,102.5,102.5,1148000,833,119596500,3675,德微,otc
2021-07-01,103.5,103.5,100.0,100.0,767000,563,77491500,3675,德微,otc
2021-07-02,101.0,110.0,101.0,110.0,1402000,1005,148931500,3675,德微,otc
2021-07-05,114.0,121.0,113.5,121.0,2672000,1605,318263000,3675,德微,otc
2021-07-06,126.5,126.5,109.5,110.0,3956000,2624,457971500,3675,德微,otc
2021-07-07,110.5,121.0,110.0,120.0,3360000,2210,398506000,3675,德微,otc
2021-07-08,121.0,132.0,120.0,132.0,2748000,1642,351800500,3675,德微,otc
2021-07-09,128.0,145.0,124.0,145.0,7206000,4707,991040500,3675,德微,otc
2021-07-12,150.0,159.5,149.5,159.5,3541000,1914,555183000,3675,德微,otc
2021-07-13,167.5,173.0,153.0,160.0,6533000,4704,1081340500,3675,德微,otc
2021-07-14,156.0,160.0,147.0,157.0,1293000,919,198956000,3675,德微,otc
2021-07-15,157.5,164.0,149.0,164.0,1354000,1050,211499000,3675,德微,otc
2021-07-16,156.0,164.0,156.0,160.0,774000,606,124557500,3675,德微,otc
2021-07-19,160.0,171.0,160.0,165.0,1322000,1038,220197000,3675,德微,otc
2021-07-20,166.0,172.0,155.0,158.0,1676000,1322,274796000,3675,德微,otc
2021-07-21,160.0,165.5,155.5,163.5,1224000,917,196485000,3675,德微,otc
2021-07-22,167.0,179.5,164.0,178.0,2042000,1382,354498500,3675,德微,otc
2021-07-23,173.0,173.0,163.0,166.5,1542000,1094,259371000,3675,德微,otc
2021-07-26,166.5,175.0,165.0,169.0,1092000,828,186064500,3675,德微,otc
2021-07-27,175.0,178.0,156.0,156.0,1668000,1209,280424000,3675,德微,otc
2021-07-28,155.0,155.5,140.5,154.5,2927000,1644,425487500,3675,德微,otc
2021-07-29,162.0,169.5,159.5,169.5,2406000,1305,404694500,3675,德微,otc
2021-07-30,171.0,181.5,156.0,156.0,3512000,2788,589259500,3675,德微,otc
2021-08-02,160.0,164.0,155.0,157.5,2077000,1436,330246000,3675,德微,otc
2021-08-03,157.0,157.5,149.0,152.0,1601000,1224,244925000,3675,德微,otc
2021-08-04,151.5,154.0,144.0,145.5,1593000,1125,235537500,3675,德微,otc
2021-08-05,148.0,155.5,146.5,148.0,1332000,1000,199967500,3675,德微,otc
2021-08-06,148.0,153.5,142.0,149.0,1455000,1090,214165000,3675,德微,otc
2021-08-09,145.5,148.5,139.5,140.5,1179000,818,168529500,3675,德微,otc
2021-08-10,140.5,146.5,138.0,142.5,910000,605,129802000,3675,德微,otc
2021-08-11,144.0,152.0,138.0,140.0,2434000,1814,353436500,3675,德微,otc
2021-08-12,142.0,151.0,142.0,147.0,2821000,2058,417210000,3675,德微,otc
2021-08-13,147.0,154.0,145.5,149.0,2630000,1992,394834500,3675,德微,otc
2021-08-16,146.0,149.5,139.5,144.0,1566000,1125,224955500,3675,德微,otc
2021-08-17,144.5,146.0,131.5,132.0,1498000,1115,206028000,3675,德微,otc
2021-08-18,131.0,145.0,128.5,145.0,2425000,1602,337793500,3675,德微,otc
2021-08-19,143.0,158.5,143.0,148.0,5159000,3686,786456000,3675,德微,otc
2021-08-20,151.5,162.5,148.0,162.5,4773000,3032,747713000,3675,德微,otc
2021-08-23,169.0,178.5,165.5,175.0,7210000,4798,1240604000,3675,德微,otc
2021-08-24,175.0,188.0,170.0,182.0,10005000,7182,1799213000,3675,德微,otc
2021-08-25,186.0,194.5,175.0,179.0,10350000,7706,1934336500,3675,德微,otc
2021-08-26,182.0,191.5,176.0,189.0,7059000,5124,1305166000,3675,德微,otc
2021-08-27,189.0,193.0,178.0,178.0,1880000,1419,346931000,3675,德微,otc
2021-08-30,182.0,185.0,174.0,176.0,1436000,1046,258218500,3675,德微,otc
2021-08-31,178.5,182.0,176.0,181.5,987000,777,176588000,3675,德微,otc
2021-09-01,182.0,189.0,179.0,189.0,1349000,966,248537500,3675,德微,otc
2021-09-02,188.0,188.0,174.0,176.0,1312000,1005,234422000,3675,德微,otc
2021-09-03,177.5,178.5,166.0,178.5,1201000,888,207371500,3675,德微,otc
2021-09-06,176.0,180.0,172.0,172.0,1046000,693,184570000,3675,德微,otc
2021-09-07,174.5,174.5,163.0,173.5,700000,581,118266500,3675,德微,otc
