date,open,high,low,close,volume,count,capital,ID,name,market
2004-02-11,17.2,17.3,16.9,17.1,6587823,1396,112663583,2336,致伸,exchange
2004-02-12,17.3,17.6,17.1,17.2,13296631,2427,230904929,2336,致伸,exchange
2004-02-13,17.3,17.3,17.1,17.2,3828425,871,65793776,2336,致伸,exchange
2004-02-16,17.2,17.3,17.0,17.0,5942221,1133,101875683,2336,致伸,exchange
2004-02-17,17.2,17.4,17.0,17.0,4921133,1095,84540967,2336,致伸,exchange
2004-02-18,17.2,17.3,17.1,17.2,4523850,1090,77805024,2336,致伸,exchange
2004-02-19,17.4,17.9,17.4,17.4,20651178,3577,363886568,2336,致伸,exchange
2004-02-20,17.5,17.8,17.4,17.5,11910615,2225,209815532,2336,致伸,exchange
2004-02-23,17.7,17.8,17.5,17.5,6474320,1390,114026577,2336,致伸,exchange
2004-02-24,17.5,17.6,17.2,17.2,5540683,1186,95826415,2336,致伸,exchange
2004-02-25,17.2,17.4,17.2,17.2,4605533,1034,79443315,2336,致伸,exchange
2004-02-26,17.4,17.6,17.2,17.3,7971824,1645,138651057,2336,致伸,exchange
2004-02-27,17.5,17.5,17.3,17.3,4011003,941,69585102,2336,致伸,exchange
2004-03-01,17.4,17.8,17.4,17.4,13933319,2399,245793434,2336,致伸,exchange
2004-03-02,17.5,17.6,17.3,17.3,7984207,1804,138955428,2336,致伸,exchange
2004-03-03,17.3,17.5,17.2,17.2,5976971,1383,103546610,2336,致伸,exchange
2004-03-04,17.4,17.7,17.2,17.5,10553748,2173,184638841,2336,致伸,exchange
2004-03-05,17.7,18.3,17.6,17.7,30892343,5439,555627469,2336,致伸,exchange
2004-03-08,18.0,18.1,17.6,17.7,11087656,2176,197940982,2336,致伸,exchange
2004-03-09,17.7,17.9,17.6,17.6,6437164,1146,113948827,2336,致伸,exchange
2004-03-10,17.6,17.7,17.2,17.2,8700581,1457,151514801,2336,致伸,exchange
2004-03-11,17.2,17.4,17.1,17.2,3944193,934,67918607,2336,致伸,exchange
2004-03-12,17.1,17.2,17.0,17.0,5852723,1092,99823771,2336,致伸,exchange
2004-03-15,17.2,17.3,16.7,16.7,4826396,1037,81943284,2336,致伸,exchange
2004-03-16,16.6,16.7,16.5,16.5,3774429,999,62599514,2336,致伸,exchange
2004-03-17,16.6,16.7,16.4,16.4,3279739,836,54159390,2336,致伸,exchange
2004-03-18,16.4,16.8,16.4,16.6,6125409,1035,101748620,2336,致伸,exchange
2004-03-19,16.7,16.7,16.4,16.4,3448923,850,57060912,2336,致伸,exchange
2004-03-22,15.3,15.3,15.3,15.3,536390,185,8218252,2336,致伸,exchange
2004-03-23,14.25,14.75,14.25,14.25,8933571,1524,127804051,2336,致伸,exchange
2004-03-24,14.35,14.55,14.05,14.25,4547392,941,64891239,2336,致伸,exchange
2004-03-25,14.3,14.45,14.15,14.2,2891903,709,41424682,2336,致伸,exchange
2004-03-26,14.4,14.4,14.0,14.05,4187347,845,59256009,2336,致伸,exchange
2004-03-29,14.5,15.0,14.45,15.0,6276007,1288,92762218,2336,致伸,exchange
2004-03-30,15.2,15.4,15.0,15.3,5588739,1240,85042097,2336,致伸,exchange
2004-03-31,15.4,15.7,15.3,15.4,5439878,1176,84323669,2336,致伸,exchange
2004-04-01,15.3,15.4,15.1,15.2,3596382,748,54589742,2336,致伸,exchange
2004-04-02,15.3,15.5,15.3,15.4,3242141,663,49844019,2336,致伸,exchange
2004-04-05,15.4,15.9,15.4,15.8,5884633,1337,92236285,2336,致伸,exchange
2004-04-06,16.0,16.1,15.6,15.7,5036761,1133,79690481,2336,致伸,exchange
2004-04-07,15.8,15.8,15.5,15.6,1858964,543,28960933,2336,致伸,exchange
2004-04-08,15.6,15.9,15.5,15.7,3397134,916,53247861,2336,致伸,exchange
2004-04-09,15.8,15.8,15.4,15.5,3098211,762,48120361,2336,致伸,exchange
2004-04-12,15.5,15.9,15.5,15.8,4280278,1075,67601162,2336,致伸,exchange
2004-04-13,15.9,16.3,15.7,16.2,8266880,2039,132830638,2336,致伸,exchange
2004-04-14,16.1,16.4,16.0,16.3,6289454,1654,101813161,2336,致伸,exchange
2004-04-15,16.4,16.5,16.0,16.0,5947477,1365,96113638,2336,致伸,exchange
2004-04-16,16.0,16.2,16.0,16.1,4729766,1048,76029301,2336,致伸,exchange
2004-04-19,16.2,16.2,15.6,15.7,4551326,1103,72192648,2336,致伸,exchange
2004-04-20,15.8,15.9,15.6,15.6,2548364,703,40070429,2336,致伸,exchange
2004-04-21,15.5,15.8,15.5,15.7,2590698,618,40451211,2336,致伸,exchange
2004-04-22,15.8,15.9,15.4,15.5,3450369,902,54113163,2336,致伸,exchange
2004-04-23,15.7,15.7,15.2,15.3,3196541,771,49188742,2336,致伸,exchange
2004-04-26,15.2,15.4,15.0,15.0,2087073,571,31531520,2336,致伸,exchange
2004-04-27,15.0,15.1,14.7,14.8,2415312,628,35736431,2336,致伸,exchange
2004-04-28,14.7,14.9,14.7,14.7,1262275,411,18650984,2336,致伸,exchange
2004-04-29,14.7,14.7,14.1,14.25,2857444,726,41240763,2336,致伸,exchange
2004-04-30,14.25,14.25,13.35,13.75,3927561,941,54136436,2336,致伸,exchange
2004-05-03,13.5,13.55,13.25,13.3,2731693,651,36596512,2336,致伸,exchange
2004-05-04,13.55,13.55,13.1,13.4,3248761,795,43347778,2336,致伸,exchange
2004-05-05,13.3,13.35,12.5,12.5,3957986,904,50511553,2336,致伸,exchange
2004-05-06,12.5,12.65,11.65,11.85,6982769,1525,82802711,2336,致伸,exchange
2004-05-07,11.7,11.9,11.55,11.8,3371680,983,39674742,2336,致伸,exchange
2004-05-10,11.6,11.6,11.0,11.0,3449062,814,38610758,2336,致伸,exchange
2004-05-11,10.6,10.9,10.25,10.8,6025981,1286,63396175,2336,致伸,exchange
2004-05-12,11.0,11.55,10.9,11.4,5929023,1302,67536360,2336,致伸,exchange
2004-05-13,11.3,11.6,11.25,11.3,2449614,620,27804077,2336,致伸,exchange
2004-05-14,11.35,11.45,11.15,11.2,2336815,554,26335159,2336,致伸,exchange
2004-05-17,10.85,10.9,10.45,10.45,2958071,701,31219813,2336,致伸,exchange
2004-05-18,10.2,10.7,10.2,10.55,2281735,588,23950652,2336,致伸,exchange
2004-05-19,10.8,11.25,10.8,11.25,2872559,688,31937313,2336,致伸,exchange
2004-05-20,11.2,11.35,11.0,11.0,2017218,550,22488811,2336,致伸,exchange
2004-05-21,11.2,11.65,11.0,11.55,3221437,780,36826308,2336,致伸,exchange
2004-05-24,11.55,11.7,11.3,11.5,3334068,678,38341868,2336,致伸,exchange
2004-05-25,11.55,11.85,11.55,11.7,2978656,716,34888261,2336,致伸,exchange
2004-05-26,11.95,12.4,11.95,12.35,8274955,1610,100437279,2336,致伸,exchange
2004-05-27,12.3,12.3,12.0,12.15,3153447,661,38182659,2336,致伸,exchange
2004-05-28,12.3,12.3,12.0,12.1,2406318,520,29178911,2336,致伸,exchange
2004-05-31,12.1,12.2,11.75,11.8,1642146,487,19546041,2336,致伸,exchange
2004-06-01,11.8,11.9,11.6,11.65,1844325,405,21558423,2336,致伸,exchange
2004-06-02,11.65,11.65,11.25,11.25,1530554,390,17429785,2336,致伸,exchange
2004-06-03,11.5,11.5,10.85,10.85,1629243,379,18221455,2336,致伸,exchange
2004-06-04,10.85,11.15,10.8,11.05,1258413,395,13800192,2336,致伸,exchange
2004-06-07,11.15,11.45,11.15,11.45,1761383,461,19967196,2336,致伸,exchange
2004-06-08,11.65,11.7,11.45,11.45,1495401,395,17203618,2336,致伸,exchange
2004-06-09,11.5,11.55,11.35,11.35,799426,264,9149351,2336,致伸,exchange
2004-06-10,11.35,11.4,11.25,11.3,873530,222,9879309,2336,致伸,exchange
2004-06-11,11.2,11.3,11.1,11.15,737689,219,8245819,2336,致伸,exchange
2004-06-14,11.15,11.25,10.4,10.4,1355466,411,14698770,2336,致伸,exchange
2004-06-15,10.5,11.0,10.45,10.9,1619339,517,17300829,2336,致伸,exchange
2004-06-16,11.0,11.1,10.45,10.6,2051405,518,22200077,2336,致伸,exchange
2004-06-17,10.6,10.9,9.9,9.9,7909445,1642,79856364,2336,致伸,exchange
2004-06-18,9.9,9.9,9.5,9.7,3193762,815,30945648,2336,致伸,exchange
2004-06-21,9.9,9.95,9.6,9.6,2864421,647,27907448,2336,致伸,exchange
2004-06-23,9.65,9.95,9.65,9.8,3104667,653,30547810,2336,致伸,exchange
2004-06-24,9.9,10.1,9.8,9.9,2689997,609,26727562,2336,致伸,exchange
2004-06-25,9.95,10.1,9.9,10.0,1750431,417,17521139,2336,致伸,exchange
2004-06-28,10.0,10.05,9.8,9.8,1127876,297,11156859,2336,致伸,exchange
2004-06-29,9.9,10.0,9.8,9.95,996251,283,9848493,2336,致伸,exchange
2004-06-30,10.0,10.05,9.3,9.3,6620161,1457,62480041,2336,致伸,exchange
2004-07-01,9.3,9.3,8.65,9.1,8789006,1860,78462046,2336,致伸,exchange
2004-07-02,8.8,9.3,8.8,9.1,6100722,1294,55954932,2336,致伸,exchange
2004-07-05,9.0,9.05,8.85,8.85,2486449,503,22226502,2336,致伸,exchange
2004-07-06,8.95,9.05,8.75,9.0,2252185,546,20068022,2336,致伸,exchange
2004-07-07,8.9,9.6,8.85,9.6,9138185,1535,86549000,2336,致伸,exchange
2004-07-08,9.7,9.75,9.55,9.6,7430575,1279,71796788,2336,致伸,exchange
2004-07-09,9.6,9.9,9.55,9.8,4361185,840,42570607,2336,致伸,exchange
2004-07-12,9.75,9.95,9.65,9.7,4496547,677,44035231,2336,致伸,exchange
2004-07-13,9.7,9.75,9.5,9.5,1650769,362,15793717,2336,致伸,exchange
2004-07-14,9.55,9.6,9.35,9.4,1549133,346,14673101,2336,致伸,exchange
2004-07-15,9.4,9.45,9.15,9.25,1451509,377,13468904,2336,致伸,exchange
2004-07-16,9.2,9.4,9.2,9.25,1231207,385,11478051,2336,致伸,exchange
2004-07-19,9.25,9.35,9.0,9.05,1061991,335,9671213,2336,致伸,exchange
2004-07-20,8.9,9.0,8.45,8.55,2654819,600,23208921,2336,致伸,exchange
2004-07-21,8.65,8.9,8.65,8.8,1918021,473,16831277,2336,致伸,exchange
2004-07-22,8.5,8.8,8.5,8.75,1516946,406,13121570,2336,致伸,exchange
2004-07-23,8.75,9.1,8.75,9.05,2315132,566,20767945,2336,致伸,exchange
2004-07-26,8.8,9.2,8.8,9.2,6464263,835,58843417,2336,致伸,exchange
2004-07-27,9.2,9.3,9.05,9.3,2248357,567,20763012,2336,致伸,exchange
2004-07-28,9.2,9.35,9.0,9.05,3272015,698,29817487,2336,致伸,exchange
2004-07-29,9.0,9.05,8.8,8.8,1618932,403,14405038,2336,致伸,exchange
2004-07-30,8.9,9.1,8.9,9.05,2052015,453,18536279,2336,致伸,exchange
2004-08-02,9.05,9.2,8.95,9.05,2006743,395,18169637,2336,致伸,exchange
2004-08-03,9.1,9.15,9.0,9.15,1356814,278,12334976,2336,致伸,exchange
2004-08-04,9.1,9.25,9.05,9.15,1884313,377,17180496,2336,致伸,exchange
2004-08-05,9.2,9.45,9.05,9.4,3132319,592,29042952,2336,致伸,exchange
2004-08-06,9.3,9.45,9.15,9.2,3050268,653,28386304,2336,致伸,exchange
2004-08-09,9.1,9.2,9.05,9.15,1112759,277,10143890,2336,致伸,exchange
2004-08-10,9.2,9.5,9.15,9.25,3889789,650,36285875,2336,致伸,exchange
2004-08-11,9.3,9.4,9.2,9.2,1588926,320,14757916,2336,致伸,exchange
2004-08-12,9.25,9.3,9.15,9.25,1201183,268,11090521,2336,致伸,exchange
2004-08-13,9.15,9.3,9.15,9.2,1096817,247,10124063,2336,致伸,exchange
2004-08-16,9.2,9.2,9.1,9.1,1212000,283,11075350,2336,致伸,exchange
2004-08-17,9.2,9.2,8.8,8.8,5287000,1013,47307750,2336,致伸,exchange
2004-08-18,7.85,7.9,7.35,7.55,3735000,811,28341800,2336,致伸,exchange
2004-08-19,7.7,8.0,7.65,7.9,2524160,662,19779977,2336,致伸,exchange
2004-08-20,7.9,8.15,7.9,8.1,2382896,595,19160315,2336,致伸,exchange
2004-08-23,8.2,8.35,8.1,8.2,2492597,485,20464799,2336,致伸,exchange
2004-08-26,8.3,8.35,8.1,8.2,3651983,654,29964553,2336,致伸,exchange
2004-08-27,8.2,8.55,8.2,8.35,5679159,996,47721885,2336,致伸,exchange
2004-08-30,8.15,8.3,8.1,8.15,1593786,382,13025165,2336,致伸,exchange
2004-08-31,8.15,8.25,8.05,8.05,1610667,339,13074049,2336,致伸,exchange
2004-09-01,8.0,8.05,7.55,7.75,3580663,796,28089704,2336,致伸,exchange
2004-09-02,7.75,7.8,7.65,7.75,1748830,405,13530731,2336,致伸,exchange
2004-09-03,7.75,7.9,7.6,7.6,1725977,416,13311027,2336,致伸,exchange
2004-09-06,7.55,7.55,7.3,7.3,1861293,455,13721028,2336,致伸,exchange
2004-09-07,7.3,7.5,7.25,7.4,2246469,424,16621669,2336,致伸,exchange
2004-09-08,7.4,7.65,7.4,7.5,3547348,603,26716975,2336,致伸,exchange
2004-09-09,7.5,7.65,7.45,7.65,1296529,333,9824703,2336,致伸,exchange
2004-09-10,7.7,7.75,7.55,7.65,3015467,522,23137747,2336,致伸,exchange
2004-09-13,7.7,7.75,7.5,7.5,2000446,434,15231432,2336,致伸,exchange
2004-09-14,7.6,7.65,7.5,7.5,1791313,378,13546704,2336,致伸,exchange
2004-09-15,7.5,8.0,7.5,8.0,7874071,1288,61943882,2336,致伸,exchange
2004-09-16,7.9,7.95,7.65,7.7,4362949,732,33992151,2336,致伸,exchange
2004-09-17,7.7,7.8,7.2,7.2,5423870,1048,39498497,2336,致伸,exchange
2004-09-20,7.0,7.1,6.7,6.7,3721603,807,25148742,2336,致伸,exchange
2004-09-21,6.25,6.5,6.25,6.3,7035800,1174,44312876,2336,致伸,exchange
2004-09-22,6.35,6.7,6.35,6.7,2250028,499,14743280,2336,致伸,exchange
2004-09-23,6.8,6.9,6.7,6.7,4854352,875,33074535,2336,致伸,exchange
2004-09-24,6.85,6.9,6.65,6.65,2170142,449,14715555,2336,致伸,exchange
2004-09-27,6.75,6.75,6.35,6.35,1709544,380,11202868,2336,致伸,exchange
2004-09-29,6.45,6.6,6.4,6.4,2338399,400,15208562,2336,致伸,exchange
2004-09-30,6.5,6.7,6.5,6.65,2559780,440,16955498,2336,致伸,exchange
2004-10-01,6.65,6.7,6.5,6.6,1880219,330,12467582,2336,致伸,exchange
2004-10-04,6.75,6.95,6.7,6.9,2453174,475,16763453,2336,致伸,exchange
2004-10-05,6.95,7.05,6.8,6.95,2059513,411,14267786,2336,致伸,exchange
2004-10-06,6.9,7.15,6.9,6.9,4300768,859,30066273,2336,致伸,exchange
2004-10-07,6.95,7.05,6.85,6.9,3175007,405,21984941,2336,致伸,exchange
2004-10-08,6.9,7.2,6.9,7.0,7387918,1027,52229423,2336,致伸,exchange
2004-10-11,7.0,7.05,6.8,6.8,2554071,465,17625331,2336,致伸,exchange
2004-10-12,6.85,6.9,6.7,6.7,2431086,409,16531072,2336,致伸,exchange
2004-10-13,6.8,6.85,6.6,6.6,5703410,630,38473557,2336,致伸,exchange
2004-10-14,6.55,6.7,6.55,6.6,2712214,489,17879102,2336,致伸,exchange
2004-10-15,6.6,6.65,6.45,6.45,2210721,465,14403460,2336,致伸,exchange
2004-10-18,6.5,6.55,6.3,6.3,2704402,444,17308531,2336,致伸,exchange
2004-10-19,6.35,6.7,6.3,6.7,6549408,1080,42863841,2336,致伸,exchange
2004-10-20,6.65,6.9,6.55,6.7,6088696,1106,40974539,2336,致伸,exchange
2004-10-21,6.75,6.85,6.7,6.75,3122573,574,21141477,2336,致伸,exchange
2004-10-22,6.85,7.1,6.8,6.85,7235104,1197,50362127,2336,致伸,exchange
2004-10-26,6.8,6.85,6.55,6.55,3059121,522,20540937,2336,致伸,exchange
2004-10-27,6.55,6.6,6.1,6.25,3539578,705,22222890,2336,致伸,exchange
2004-10-28,6.3,6.5,6.3,6.35,2665629,470,17047180,2336,致伸,exchange
2004-10-29,6.35,6.45,6.25,6.3,3144786,422,19951606,2336,致伸,exchange
2004-11-01,6.3,6.35,5.9,6.0,2459474,442,15054406,2336,致伸,exchange
2004-11-02,6.0,6.2,5.9,6.2,3133215,553,18983921,2336,致伸,exchange
2004-11-03,6.3,6.6,6.3,6.6,7501506,1060,49280237,2336,致伸,exchange
2004-11-04,6.7,6.9,6.7,6.85,6670015,1244,45494509,2336,致伸,exchange
2004-11-05,7.0,7.05,6.8,6.95,4228311,759,29191297,2336,致伸,exchange
2004-11-08,6.95,7.0,6.75,6.75,2848706,415,19427877,2336,致伸,exchange
2004-11-09,6.75,6.85,6.75,6.8,2016627,387,13684261,2336,致伸,exchange
2004-11-10,6.85,6.85,6.75,6.75,1512554,314,10245398,2336,致伸,exchange
2004-11-11,6.75,6.8,6.6,6.7,1906893,350,12739711,2336,致伸,exchange
2004-11-12,6.8,6.8,6.65,6.7,1584352,310,10676944,2336,致伸,exchange
2004-11-15,6.75,6.8,6.65,6.65,1433291,258,9628219,2336,致伸,exchange
2004-11-16,6.65,6.7,6.35,6.45,2262671,426,14759204,2336,致伸,exchange
2004-11-17,6.45,6.7,6.4,6.65,2244340,454,14828067,2336,致伸,exchange
2004-11-18,6.75,6.85,6.65,6.7,2462120,509,16624863,2336,致伸,exchange
2004-11-19,6.7,6.85,6.65,6.75,2068786,385,13987198,2336,致伸,exchange
2004-11-22,6.75,6.75,6.6,6.6,1511920,282,10031092,2336,致伸,exchange
2004-11-23,6.6,6.65,6.55,6.55,856326,210,5638429,2336,致伸,exchange
2004-11-24,6.6,6.65,6.45,6.5,1512105,266,9857432,2336,致伸,exchange
2004-11-25,6.75,6.95,6.75,6.95,10285203,1239,71151376,2336,致伸,exchange
2004-11-26,7.15,7.15,6.65,6.65,6907370,993,47937494,2336,致伸,exchange
2004-11-29,6.7,6.7,6.45,6.6,2087407,448,13738598,2336,致伸,exchange
2004-11-30,6.6,6.7,6.45,6.55,2146205,334,14113098,2336,致伸,exchange
2004-12-01,6.7,6.95,6.7,6.9,6107861,1112,41895841,2336,致伸,exchange
2004-12-02,7.05,7.05,6.8,7.05,7432994,1015,51689056,2336,致伸,exchange
2004-12-03,6.9,7.0,6.85,6.85,2546159,445,17567685,2336,致伸,exchange
2004-12-06,6.85,7.3,6.85,7.3,8386273,1185,60520668,2336,致伸,exchange
2004-12-07,7.3,7.4,7.15,7.3,7938828,1275,57949628,2336,致伸,exchange
2004-12-08,7.3,7.3,7.15,7.15,2568363,502,18514525,2336,致伸,exchange
2004-12-09,7.3,7.45,7.15,7.25,5109286,964,37371033,2336,致伸,exchange
2004-12-10,7.3,7.5,7.25,7.4,5474513,1006,40653579,2336,致伸,exchange
2004-12-13,7.5,7.7,7.45,7.5,5766479,938,43548718,2336,致伸,exchange
2004-12-14,7.6,7.7,7.4,7.45,3430489,577,25833541,2336,致伸,exchange
2004-12-15,7.45,7.55,7.4,7.45,3579467,708,26712816,2336,致伸,exchange
2004-12-16,7.45,7.6,7.45,7.45,3249983,571,24466064,2336,致伸,exchange
2004-12-17,7.45,7.75,7.45,7.65,5934407,888,45456539,2336,致伸,exchange
2004-12-20,7.5,7.6,7.4,7.4,1952254,382,14598154,2336,致伸,exchange
2004-12-21,7.4,7.55,7.4,7.45,1704719,321,12692070,2336,致伸,exchange
2004-12-22,7.5,7.6,7.3,7.3,1888548,396,14043167,2336,致伸,exchange
2004-12-23,7.3,7.35,7.05,7.05,2661800,540,19089867,2336,致伸,exchange
2004-12-24,7.05,7.25,7.0,7.25,1870611,327,13381023,2336,致伸,exchange
2004-12-27,7.3,7.35,7.15,7.15,1624501,322,11726101,2336,致伸,exchange
2004-12-28,7.15,7.25,7.05,7.1,2115917,397,15098406,2336,致伸,exchange
2004-12-29,7.15,7.4,7.1,7.25,2374312,429,17280465,2336,致伸,exchange
2004-12-30,7.3,7.4,7.25,7.3,1712945,344,12496133,2336,致伸,exchange
2004-12-31,7.3,7.35,7.2,7.25,2552393,399,18543294,2336,致伸,exchange
2005-01-03,7.35,7.35,7.2,7.2,1856000,287,13477900,2336,致伸,exchange
2005-01-04,7.2,7.2,6.95,7.1,2823045,496,19888757,2336,致伸,exchange
2005-01-05,7.05,7.35,7.05,7.25,3848561,715,27794725,2336,致伸,exchange
2005-01-06,7.5,7.75,7.4,7.75,9308893,1717,70722910,2336,致伸,exchange
2005-01-07,7.95,8.05,7.75,7.8,12772929,2024,100841473,2336,致伸,exchange
2005-01-10,7.9,7.9,7.6,7.6,4941833,807,38092952,2336,致伸,exchange
2005-01-11,7.6,7.7,7.4,7.5,2679014,532,20168659,2336,致伸,exchange
2005-01-12,7.5,7.75,7.5,7.55,5025059,891,38330603,2336,致伸,exchange
2005-01-13,7.65,7.7,7.3,7.4,5659400,831,42486641,2336,致伸,exchange
2005-01-14,7.2,7.35,7.05,7.05,5358436,817,38577105,2336,致伸,exchange
2005-01-17,7.1,7.3,7.05,7.15,3047102,567,21840303,2336,致伸,exchange
2005-01-18,7.3,7.35,7.2,7.3,2781735,565,20261978,2336,致伸,exchange
2005-01-19,7.4,7.4,7.15,7.15,1411586,272,10181036,2336,致伸,exchange
2005-01-20,7.05,7.3,7.05,7.25,1536040,315,11119158,2336,致伸,exchange
2005-01-21,7.3,7.5,7.25,7.25,3702721,724,27362670,2336,致伸,exchange
2005-01-24,7.25,7.3,7.15,7.15,1143791,268,8222406,2336,致伸,exchange
2005-01-25,7.15,7.25,7.1,7.2,1102149,286,7879282,2336,致伸,exchange
2005-01-26,7.25,7.3,7.2,7.3,1478923,300,10710662,2336,致伸,exchange
2005-01-27,7.35,7.35,7.1,7.2,1499394,290,10816474,2336,致伸,exchange
2005-01-28,7.2,7.2,6.7,6.7,3285509,612,22409748,2336,致伸,exchange
2005-01-31,6.55,6.9,6.5,6.85,7492606,1076,50436253,2336,致伸,exchange
2005-02-01,6.9,7.2,6.8,6.85,10295711,1401,72258846,2336,致伸,exchange
2005-02-02,7.05,7.25,7.0,7.0,7056490,1199,50216083,2336,致伸,exchange
2005-02-03,7.15,7.15,6.95,7.05,2629282,556,18443695,2336,致伸,exchange
2005-02-14,7.15,7.2,6.7,6.7,4742000,902,32588550,2336,致伸,exchange
2005-02-15,6.7,6.85,6.7,6.8,2154309,515,14648250,2336,致伸,exchange
2005-02-16,6.95,7.25,6.8,7.25,5467408,928,38812269,2336,致伸,exchange
2005-02-17,7.3,7.75,7.25,7.75,15011144,2400,114388461,2336,致伸,exchange
2005-02-18,7.75,7.9,7.55,7.85,10045410,1391,77845118,2336,致伸,exchange
2005-02-21,8.2,8.35,8.0,8.35,9590002,1289,79414745,2336,致伸,exchange
2005-02-22,8.4,8.65,8.1,8.35,26582322,3738,223754735,2336,致伸,exchange
2005-02-23,8.1,8.7,8.1,8.55,16827618,2469,142475506,2336,致伸,exchange
2005-02-24,8.55,9.0,8.35,8.4,16286486,2862,141700072,2336,致伸,exchange
2005-02-25,8.55,8.65,8.2,8.25,9722059,1541,82124919,2336,致伸,exchange
2005-03-01,8.3,8.3,7.86,7.91,7970792,1300,63786808,2336,致伸,exchange
2005-03-02,8.08,8.28,8.05,8.08,9666481,1598,79052100,2336,致伸,exchange
2005-03-03,8.13,8.15,7.86,8.08,4352061,883,34956963,2336,致伸,exchange
2005-03-04,8.05,8.16,8.0,8.0,3575814,802,28919234,2336,致伸,exchange
2005-03-07,8.05,8.15,8.04,8.05,3908093,691,31556767,2336,致伸,exchange
2005-03-08,8.1,8.5,8.08,8.15,12484008,2242,103949984,2336,致伸,exchange
2005-03-09,8.25,8.5,8.25,8.4,7460520,1285,62562468,2336,致伸,exchange
2005-03-10,8.45,8.48,8.2,8.2,5197351,1054,43032478,2336,致伸,exchange
2005-03-11,8.22,8.45,8.1,8.12,7892063,1285,65072660,2336,致伸,exchange
2005-03-14,8.0,8.09,7.85,7.87,6108488,1043,48467335,2336,致伸,exchange
2005-03-15,7.87,7.95,7.32,7.42,6548213,1134,49598587,2336,致伸,exchange
2005-03-16,7.4,7.55,7.4,7.49,2325355,555,17431845,2336,致伸,exchange
2005-03-17,7.4,7.49,7.07,7.3,4584254,783,33265989,2336,致伸,exchange
2005-03-18,7.28,7.42,7.28,7.33,2200035,505,16116858,2336,致伸,exchange
2005-03-21,7.33,7.45,7.33,7.35,1793085,424,13219199,2336,致伸,exchange
2005-03-22,7.37,7.38,7.28,7.28,1653535,353,12095887,2336,致伸,exchange
2005-03-23,7.25,7.41,7.12,7.4,2126112,517,15528207,2336,致伸,exchange
2005-03-24,7.41,7.55,7.3,7.3,2667645,620,19837906,2336,致伸,exchange
2005-03-25,7.35,7.45,7.32,7.4,1738920,311,12818442,2336,致伸,exchange
2005-03-28,7.5,7.68,7.45,7.55,3461271,742,26179698,2336,致伸,exchange
2005-03-29,7.56,7.56,7.19,7.2,1959815,473,14373164,2336,致伸,exchange
2005-03-30,7.1,7.25,7.1,7.14,2630245,516,18833467,2336,致伸,exchange
2005-03-31,7.3,7.32,7.25,7.27,1580430,336,11506885,2336,致伸,exchange
2005-04-01,7.37,7.46,7.23,7.45,2041868,597,15004986,2336,致伸,exchange
2005-04-04,7.43,7.45,7.31,7.31,1160395,250,8591004,2336,致伸,exchange
2005-04-06,7.35,7.37,7.2,7.23,1835486,356,13316160,2336,致伸,exchange
2005-04-07,7.23,7.26,7.11,7.12,1647902,334,11836665,2336,致伸,exchange
2005-04-08,7.2,7.28,7.18,7.24,1749591,350,12621205,2336,致伸,exchange
2005-04-11,7.2,7.25,7.11,7.15,623846,179,4477084,2336,致伸,exchange
2005-04-12,7.15,7.19,7.1,7.16,844249,216,6040623,2336,致伸,exchange
2005-04-13,7.2,7.3,7.16,7.22,1251956,290,9052664,2336,致伸,exchange
2005-04-14,7.2,7.72,7.2,7.72,6036121,1181,45809924,2336,致伸,exchange
2005-04-15,7.85,8.09,7.82,7.82,13704971,2580,108779617,2336,致伸,exchange
2005-04-18,7.8,7.8,7.3,7.37,4050335,788,30588062,2336,致伸,exchange
2005-04-19,7.48,7.88,7.46,7.88,9090916,1301,70940832,2336,致伸,exchange
2005-04-20,7.9,7.96,7.53,7.55,6781897,1141,52477511,2336,致伸,exchange
2005-04-21,7.48,7.96,7.36,7.7,5820506,1130,45009757,2336,致伸,exchange
2005-04-22,7.7,7.79,7.45,7.55,5692580,1047,43244437,2336,致伸,exchange
2005-04-25,7.52,7.55,7.25,7.31,2881484,574,21094940,2336,致伸,exchange
2005-04-26,7.31,7.42,7.3,7.34,2251683,471,16558291,2336,致伸,exchange
2005-04-27,7.3,7.38,7.17,7.2,2437398,471,17618651,2336,致伸,exchange
2005-04-28,7.2,7.34,7.2,7.29,1198347,285,8747181,2336,致伸,exchange
2005-04-29,7.28,7.39,7.18,7.2,1775975,339,12905104,2336,致伸,exchange
2005-05-03,7.2,7.3,7.16,7.2,2278433,399,16428748,2336,致伸,exchange
2005-05-04,7.14,7.19,6.7,6.7,5443183,917,36952065,2336,致伸,exchange
2005-05-05,6.75,6.79,6.6,6.7,3280705,822,21942404,2336,致伸,exchange
2005-05-06,6.7,6.92,6.69,6.83,2678119,592,18280523,2336,致伸,exchange
2005-05-09,6.97,7.05,6.87,6.96,3335919,600,23134360,2336,致伸,exchange
2005-05-10,6.96,7.05,6.9,6.97,2594965,487,18115015,2336,致伸,exchange
2005-05-11,6.95,6.95,6.73,6.73,1436387,362,9817474,2336,致伸,exchange
2005-05-12,6.73,6.82,6.73,6.82,1056365,268,7155459,2336,致伸,exchange
2005-05-13,6.84,6.94,6.8,6.8,1419565,324,9737547,2336,致伸,exchange
2005-05-16,6.85,6.86,6.72,6.72,792821,227,5378328,2336,致伸,exchange
2005-05-17,6.75,6.81,6.72,6.73,889830,230,6017490,2336,致伸,exchange
2005-05-18,6.76,6.85,6.73,6.73,936696,237,6346062,2336,致伸,exchange
2005-05-19,6.77,6.82,6.75,6.78,1519344,295,10299789,2336,致伸,exchange
2005-05-20,7.0,7.15,6.91,6.91,4386370,921,30900550,2336,致伸,exchange
2005-05-23,6.95,6.96,6.81,6.81,1221817,305,8412833,2336,致伸,exchange
2005-05-24,6.85,6.91,6.83,6.83,1008955,241,6916592,2336,致伸,exchange
2005-05-25,6.9,7.06,6.8,6.82,3356955,657,23281947,2336,致伸,exchange
2005-05-26,6.85,6.94,6.84,6.9,1500286,353,10332490,2336,致伸,exchange
2005-05-27,6.98,7.18,6.91,6.91,4675757,923,32981791,2336,致伸,exchange
2005-05-30,7.1,7.16,6.95,7.07,3877854,746,27480386,2336,致伸,exchange
2005-05-31,7.05,7.56,6.9,7.53,14181173,2133,105273385,2336,致伸,exchange
2005-06-01,7.5,7.51,7.22,7.28,7266590,1291,53359299,2336,致伸,exchange
2005-06-02,7.3,7.48,7.28,7.3,4570825,850,33687556,2336,致伸,exchange
2005-06-03,7.39,7.53,7.33,7.47,3899023,743,29069173,2336,致伸,exchange
2005-06-06,7.5,7.5,7.16,7.32,4922475,941,36022382,2336,致伸,exchange
2005-06-07,7.35,7.39,7.15,7.18,2597897,625,18753916,2336,致伸,exchange
2005-06-08,7.18,7.37,7.11,7.35,3996771,771,29043073,2336,致伸,exchange
2005-06-09,7.4,7.42,7.2,7.2,3904827,729,28576953,2336,致伸,exchange
2005-06-10,7.3,7.44,7.27,7.44,4626030,1151,34089235,2336,致伸,exchange
2005-06-13,7.54,7.96,7.54,7.76,13310422,2349,104240759,2336,致伸,exchange
2005-06-14,7.73,7.73,7.4,7.46,5742289,1120,43246558,2336,致伸,exchange
2005-06-15,7.5,7.57,7.45,7.51,2614490,608,19641273,2336,致伸,exchange
2005-06-16,7.51,7.54,7.21,7.41,4306802,952,31657356,2336,致伸,exchange
2005-06-17,7.7,7.7,7.3,7.37,4128928,952,30882658,2336,致伸,exchange
2005-06-20,7.4,7.44,7.3,7.3,2638838,602,19382570,2336,致伸,exchange
2005-06-21,7.28,7.65,7.26,7.55,7593202,1611,57198706,2336,致伸,exchange
2005-06-22,7.65,7.8,7.55,7.7,6688834,1162,51361208,2336,致伸,exchange
2005-06-23,7.72,7.76,7.54,7.61,4277398,903,32739285,2336,致伸,exchange
2005-06-24,7.45,7.7,7.42,7.65,4538858,891,34264469,2336,致伸,exchange
2005-06-27,7.63,8.0,7.45,7.56,3972592,700,30550564,2336,致伸,exchange
2005-06-28,7.6,7.79,7.49,7.66,5187605,691,39512472,2336,致伸,exchange
2005-06-29,7.7,7.75,7.49,7.49,2829466,655,21476897,2336,致伸,exchange
2005-06-30,7.51,7.67,7.49,7.63,4172862,847,31740040,2336,致伸,exchange
2005-07-01,7.65,7.94,7.65,7.94,8864057,1626,69410982,2336,致伸,exchange
2005-07-04,8.0,8.49,7.95,8.24,15402467,2813,127401454,2336,致伸,exchange
2005-07-05,8.23,8.23,8.05,8.07,5634829,1263,45688237,2336,致伸,exchange
2005-07-06,8.11,8.27,8.11,8.21,6112583,1245,50159163,2336,致伸,exchange
2005-07-07,8.2,8.64,8.1,8.61,10714402,2004,89769233,2336,致伸,exchange
2005-07-08,9.21,9.21,9.21,9.21,11514669,1482,106042498,2336,致伸,exchange
2005-07-11,9.85,9.85,9.85,9.85,8172494,1173,80491110,2336,致伸,exchange
2005-07-12,10.5,10.5,9.5,9.59,28389874,5072,280551244,2336,致伸,exchange
2005-07-13,9.57,10.0,9.4,9.7,18697078,3729,181502780,2336,致伸,exchange
2005-07-14,9.7,9.72,9.51,9.59,10274913,2002,98855927,2336,致伸,exchange
2005-07-15,9.59,10.25,9.59,9.98,17887529,3316,178127364,2336,致伸,exchange
2005-07-19,10.1,10.65,10.05,10.65,19590136,3125,203040639,2336,致伸,exchange
2005-07-20,10.75,10.8,9.91,9.91,28140238,4932,287619456,2336,致伸,exchange
2005-07-21,9.91,10.0,9.43,9.46,16453234,3364,158515117,2336,致伸,exchange
2005-07-22,9.46,9.62,8.93,9.09,7561066,1874,71001518,2336,致伸,exchange
2005-07-25,9.09,9.21,8.9,9.12,5191461,1205,47240524,2336,致伸,exchange
2005-07-26,9.0,9.73,9.0,9.52,9342148,2075,88531784,2336,致伸,exchange
2005-07-27,9.5,9.7,9.35,9.35,8718964,1765,83346872,2336,致伸,exchange
2005-07-28,9.41,9.85,9.4,9.7,9384775,1794,90475799,2336,致伸,exchange
2005-07-29,9.89,9.89,9.2,9.2,7245557,1431,68921439,2336,致伸,exchange
2005-08-01,9.2,9.35,9.12,9.13,3401066,885,31300357,2336,致伸,exchange
2005-08-02,9.18,9.33,8.55,8.6,6443068,1535,56811285,2336,致伸,exchange
2005-08-03,8.65,8.95,8.65,8.92,4392455,956,38784021,2336,致伸,exchange
2005-08-04,9.05,9.05,8.96,9.0,2822598,709,25416000,2336,致伸,exchange
2005-08-08,9.0,9.13,8.9,9.0,2165601,562,19562110,2336,致伸,exchange
2005-08-09,8.91,9.15,8.91,8.94,2146807,517,19371200,2336,致伸,exchange
2005-08-10,9.16,9.19,9.0,9.03,3421908,803,31096357,2336,致伸,exchange
2005-08-11,9.1,9.14,8.93,8.99,1980972,522,17941662,2336,致伸,exchange
2005-08-12,9.06,9.07,8.65,8.65,4104441,924,36148522,2336,致伸,exchange
2005-08-15,8.6,8.65,8.3,8.3,4024300,731,33891053,2336,致伸,exchange
2005-08-16,8.32,8.4,8.2,8.34,1836679,455,15238728,2336,致伸,exchange
2005-08-17,8.12,8.35,8.12,8.35,1618148,429,13365136,2336,致伸,exchange
2005-08-18,8.35,8.92,8.25,8.92,3886524,809,33278514,2336,致伸,exchange
2005-08-19,8.85,8.85,8.52,8.57,2491427,628,21637013,2336,致伸,exchange
2005-08-22,8.58,8.67,8.4,8.4,1439239,361,12355078,2336,致伸,exchange
2005-08-23,8.41,8.52,8.22,8.25,1741556,479,14567923,2336,致伸,exchange
2005-08-24,8.26,8.27,8.0,8.0,2930699,575,23814235,2336,致伸,exchange
2005-08-25,8.0,8.07,7.84,7.86,1966627,516,15670637,2336,致伸,exchange
2005-08-26,7.9,8.1,7.9,7.96,2652283,545,21270462,2336,致伸,exchange
2005-08-29,8.2,8.33,8.01,8.01,2850261,625,23297252,2336,致伸,exchange
2005-08-30,8.06,8.36,8.06,8.24,2648146,652,21777168,2336,致伸,exchange
2005-08-31,8.2,8.25,8.08,8.18,2637778,577,21518489,2336,致伸,exchange
2005-09-02,8.41,8.75,8.3,8.75,4786476,1023,40804035,2336,致伸,exchange
2005-09-05,8.78,8.86,8.56,8.65,2857845,614,24871757,2336,致伸,exchange
2005-09-06,8.74,8.97,8.68,8.86,3138910,758,27709673,2336,致伸,exchange
2005-09-07,8.9,9.05,8.88,9.0,4245624,836,38128646,2336,致伸,exchange
2005-09-08,8.95,9.0,8.76,8.77,2946182,625,26138168,2336,致伸,exchange
2005-09-09,8.8,8.86,8.57,8.6,2010371,541,17493826,2336,致伸,exchange
2005-09-12,8.62,8.8,8.6,8.8,2421935,513,21072194,2336,致伸,exchange
2005-09-13,8.9,8.92,8.8,8.8,1748741,491,15470502,2336,致伸,exchange
2005-09-14,8.8,8.8,8.51,8.6,1466079,400,12656040,2336,致伸,exchange
2005-09-15,8.58,8.58,8.41,8.41,1123740,314,9522510,2336,致伸,exchange
2005-09-16,8.4,8.7,8.35,8.7,2461921,662,20943357,2336,致伸,exchange
2005-09-19,8.7,9.08,8.7,9.0,5125005,1133,45831918,2336,致伸,exchange
2005-09-20,8.99,9.2,8.85,9.11,4038663,950,36484524,2336,致伸,exchange
2005-09-21,9.08,9.1,8.87,8.87,3270190,657,29451495,2336,致伸,exchange
2005-09-22,8.68,8.95,8.65,8.67,2765451,708,24165330,2336,致伸,exchange
2005-09-23,8.66,8.78,8.53,8.6,1672388,421,14484951,2336,致伸,exchange
2005-09-26,8.7,8.75,8.5,8.62,1331045,369,11458999,2336,致伸,exchange
2005-09-27,8.62,8.74,8.6,8.6,1474077,391,12758557,2336,致伸,exchange
2005-09-28,8.5,8.62,8.25,8.25,3234100,777,27173033,2336,致伸,exchange
2005-09-29,8.26,8.43,8.26,8.33,1370025,439,11432899,2336,致伸,exchange
2005-09-30,8.41,8.91,8.36,8.91,5465266,1273,47450650,2336,致伸,exchange
2005-10-03,9.1,9.1,8.8,8.88,3259636,780,29006584,2336,致伸,exchange
2005-10-04,8.9,9.0,8.8,8.8,2754555,669,24576191,2336,致伸,exchange
2005-10-05,8.9,9.41,8.83,9.18,7774386,1707,71602950,2336,致伸,exchange
2005-10-06,9.09,9.09,8.93,8.98,3750874,857,33728073,2336,致伸,exchange
2005-10-07,9.0,9.07,8.91,9.0,3592632,650,32318260,2336,致伸,exchange
2005-10-11,9.0,9.1,8.91,8.96,1899200,451,17048150,2336,致伸,exchange
2005-10-12,8.91,8.96,8.45,8.5,2939077,742,25549134,2336,致伸,exchange
2005-10-13,8.5,8.72,8.4,8.62,2766923,612,23660784,2336,致伸,exchange
2005-10-14,8.7,8.78,8.63,8.64,1765435,518,15314785,2336,致伸,exchange
2005-10-17,8.7,8.74,8.27,8.4,2395355,551,20140461,2336,致伸,exchange
2005-10-18,8.4,8.47,8.1,8.3,1269073,331,10523797,2336,致伸,exchange
2005-10-19,8.2,8.2,7.91,7.91,2479661,582,19854306,2336,致伸,exchange
2005-10-20,8.0,8.15,7.65,7.94,2267699,542,18107838,2336,致伸,exchange
2005-10-21,7.93,7.95,7.8,7.83,1852448,440,14531876,2336,致伸,exchange
2005-10-24,7.8,7.96,7.8,7.91,974536,284,7687061,2336,致伸,exchange
2005-10-25,8.0,8.05,7.7,7.7,1518098,389,11914776,2336,致伸,exchange
2005-10-26,7.65,7.79,7.3,7.3,1802952,448,13473275,2336,致伸,exchange
2005-10-27,7.3,7.45,7.2,7.23,1676394,411,12294943,2336,致伸,exchange
2005-10-28,7.2,7.33,7.15,7.27,822916,242,5953230,2336,致伸,exchange
2005-10-31,7.31,7.63,7.31,7.6,1205677,459,9067021,2336,致伸,exchange
2005-11-01,7.6,7.7,7.52,7.54,1180093,346,8966195,2336,致伸,exchange
2005-11-02,7.54,7.65,7.46,7.52,1096468,344,8256966,2336,致伸,exchange
2005-11-03,7.6,7.7,7.51,7.53,1287774,391,9794478,2336,致伸,exchange
2005-11-04,7.6,7.7,7.55,7.6,1540047,412,11735360,2336,致伸,exchange
2005-11-07,7.6,7.6,7.21,7.25,1255766,415,9275686,2336,致伸,exchange
2005-11-08,7.22,7.25,7.11,7.13,2226987,562,15943291,2336,致伸,exchange
2005-11-09,7.11,7.26,7.05,7.19,4896455,1009,34958852,2336,致伸,exchange
2005-11-10,7.21,7.51,7.2,7.37,3346714,959,24613596,2336,致伸,exchange
2005-11-11,7.45,7.88,7.39,7.88,5589964,1253,43077509,2336,致伸,exchange
2005-11-14,7.88,8.0,7.71,7.9,3731755,808,29319930,2336,致伸,exchange
2005-11-15,7.88,7.88,7.65,7.8,2688491,567,20865574,2336,致伸,exchange
2005-11-16,7.8,8.18,7.8,8.05,6897004,1287,55193319,2336,致伸,exchange
2005-11-17,8.05,8.09,7.91,8.0,4097148,782,32727894,2336,致伸,exchange
2005-11-18,8.1,8.15,7.96,8.1,4309397,906,34754772,2336,致伸,exchange
2005-11-21,8.0,8.1,7.85,8.0,2404799,545,19154878,2336,致伸,exchange
2005-11-22,7.9,7.98,7.84,7.93,2054552,432,16249478,2336,致伸,exchange
2005-11-23,8.07,8.07,7.86,7.86,1190803,339,9423249,2336,致伸,exchange
2005-11-24,7.87,8.0,7.85,7.9,2190664,443,17372320,2336,致伸,exchange
2005-11-25,7.9,7.97,7.81,7.9,2190993,435,17247767,2336,致伸,exchange
2005-11-28,7.95,7.98,7.9,7.91,2457219,487,19501689,2336,致伸,exchange
2005-11-29,7.91,8.46,7.9,8.46,7848435,1600,65359028,2336,致伸,exchange
2005-11-30,8.7,8.74,8.5,8.5,10545771,1856,90894672,2336,致伸,exchange
2005-12-01,8.5,8.5,8.25,8.26,4479265,842,37313353,2336,致伸,exchange
2005-12-02,8.31,8.83,8.27,8.63,10795741,1868,92702275,2336,致伸,exchange
2005-12-05,8.63,8.63,8.37,8.45,5447630,1154,46188239,2336,致伸,exchange
2005-12-06,8.45,8.6,8.4,8.43,3075551,648,26101645,2336,致伸,exchange
2005-12-07,8.45,8.53,8.3,8.3,3037929,730,25431031,2336,致伸,exchange
2005-12-08,8.29,8.47,8.29,8.33,1939453,515,16274895,2336,致伸,exchange
2005-12-09,8.39,8.46,8.35,8.4,1714633,479,14407147,2336,致伸,exchange
2005-12-12,8.41,8.45,8.24,8.28,3059808,621,25420950,2336,致伸,exchange
2005-12-13,8.3,8.55,8.3,8.37,3703796,794,31226421,2336,致伸,exchange
2005-12-14,8.43,8.95,8.38,8.8,13627612,1842,119981817,2336,致伸,exchange
2005-12-15,8.6,8.95,8.53,8.93,10973332,1323,96557403,2336,致伸,exchange
2005-12-16,8.93,8.99,8.7,8.7,7510715,1153,66500105,2336,致伸,exchange
2005-12-19,8.8,9.1,8.72,8.94,9230665,1128,82441194,2336,致伸,exchange
2005-12-20,8.94,9.08,8.9,8.9,6169702,919,55441176,2336,致伸,exchange
2005-12-21,8.95,9.09,8.93,9.01,6063226,903,54640421,2336,致伸,exchange
2005-12-22,9.05,9.15,8.95,9.14,7649532,1110,69174009,2336,致伸,exchange
2005-12-23,9.2,9.3,9.0,9.01,8027926,1152,73503964,2336,致伸,exchange
2005-12-26,9.3,9.3,9.05,9.08,5363119,904,48966101,2336,致伸,exchange
2005-12-27,9.1,9.13,8.86,8.93,4661655,894,41930977,2336,致伸,exchange
2005-12-28,8.9,9.13,8.86,9.03,4161683,803,37616132,2336,致伸,exchange
2005-12-29,9.05,9.18,9.04,9.08,5581345,1070,50820049,2336,致伸,exchange
2005-12-30,9.13,9.71,9.11,9.47,12594945,2109,119933316,2336,致伸,exchange
2006-01-02,9.36,9.8,9.21,9.7,12597948,2143,120492357,2336,致伸,exchange
2006-01-03,9.9,10.35,9.9,10.35,13960491,1829,143579490,2336,致伸,exchange
2006-01-04,10.8,11.05,10.6,11.05,35768331,4560,392404687,2336,致伸,exchange
2006-01-05,11.45,11.8,11.45,11.8,8096436,1170,94639048,2336,致伸,exchange
2006-01-06,12.6,12.6,12.6,12.6,5333631,922,67203720,2336,致伸,exchange
2006-01-09,13.45,13.45,12.8,13.05,69449127,5862,929902778,2336,致伸,exchange
2006-01-10,13.0,13.95,12.4,13.95,25250223,3654,337156465,2336,致伸,exchange
2006-01-11,14.25,14.8,13.25,13.8,20801935,3664,291720985,2336,致伸,exchange
2006-01-12,14.6,14.6,12.85,12.85,18679319,2945,251624093,2336,致伸,exchange
2006-01-13,12.85,13.15,12.35,12.5,10427086,2136,133054542,2336,致伸,exchange
2006-01-16,12.55,13.2,12.5,13.05,6757421,1543,86854455,2336,致伸,exchange
2006-01-17,13.05,13.2,12.55,12.7,5959956,1256,76660476,2336,致伸,exchange
2006-01-18,12.5,12.5,11.85,11.85,7963922,1718,95272974,2336,致伸,exchange
2006-01-19,11.8,11.85,11.05,11.3,21563522,2641,242500142,2336,致伸,exchange
2006-01-20,11.5,11.6,10.65,11.0,17710582,3012,196317357,2336,致伸,exchange
2006-01-23,10.55,10.8,10.25,10.25,9081498,1350,94075449,2336,致伸,exchange
2006-01-24,10.35,10.95,10.3,10.95,6504399,1348,69481756,2336,致伸,exchange
2006-01-25,11.0,11.15,10.7,10.85,7174520,1528,78890534,2336,致伸,exchange
2006-02-03,11.3,11.55,10.95,11.25,8622218,1477,96675327,2336,致伸,exchange
2006-02-06,11.2,11.2,10.9,11.15,4105935,812,45362875,2336,致伸,exchange
2006-02-07,11.1,11.4,11.0,11.0,3836221,946,42873360,2336,致伸,exchange
2006-02-08,10.9,10.9,10.25,10.25,9964904,1387,102773213,2336,致伸,exchange
2006-02-09,10.2,10.45,9.8,10.45,11780123,2247,118374471,2336,致伸,exchange
2006-02-10,10.35,10.4,9.95,10.4,7129630,1323,72247527,2336,致伸,exchange
2006-02-13,10.2,10.5,10.15,10.15,4540939,876,46771720,2336,致伸,exchange
2006-02-14,10.15,10.8,10.15,10.8,7069396,1503,74968568,2336,致伸,exchange
2006-02-15,11.0,11.2,10.7,10.7,7287759,1477,79998435,2336,致伸,exchange
2006-02-16,10.8,11.0,10.75,10.95,3757609,917,41017095,2336,致伸,exchange
2006-02-17,10.95,11.0,10.6,10.65,4764979,837,51123467,2336,致伸,exchange
2006-02-20,10.5,10.65,10.4,10.4,2145337,510,22541379,2336,致伸,exchange
2006-02-21,10.45,11.1,10.4,11.1,5142770,1175,55527674,2336,致伸,exchange
2006-02-22,11.5,11.55,11.15,11.5,14637147,2931,166910961,2336,致伸,exchange
2006-02-23,11.6,11.7,10.8,10.8,10728823,1871,121635039,2336,致伸,exchange
2006-02-24,11.05,11.5,10.9,11.5,6453455,1588,72511874,2336,致伸,exchange
2006-02-27,11.5,12.2,11.2,11.5,9628447,2100,113005055,2336,致伸,exchange
2006-03-01,11.6,11.95,11.5,11.85,6691506,1454,78802161,2336,致伸,exchange
2006-03-02,12.0,12.2,11.8,11.85,7212828,1544,86429204,2336,致伸,exchange
2006-03-03,11.95,12.1,11.85,12.1,9354056,1646,112234410,2336,致伸,exchange
2006-03-06,12.2,12.75,12.2,12.45,7761430,1765,96823191,2336,致伸,exchange
2006-03-07,12.4,12.4,12.0,12.0,8533864,1659,103610768,2336,致伸,exchange
2006-03-08,12.0,12.0,11.3,11.6,6521239,1435,75408158,2336,致伸,exchange
2006-03-09,11.5,11.85,11.45,11.5,3549706,834,41176724,2336,致伸,exchange
2006-03-10,11.6,11.75,11.5,11.6,2888027,657,33576805,2336,致伸,exchange
2006-03-13,11.8,12.1,11.8,12.0,5464542,1235,65264161,2336,致伸,exchange
2006-03-14,12.2,12.3,11.95,12.05,5915268,1400,71673766,2336,致伸,exchange
2006-03-15,12.15,12.25,11.7,11.85,4223932,941,50087040,2336,致伸,exchange
2006-03-16,11.85,12.15,11.7,11.75,3671462,849,43662695,2336,致伸,exchange
2006-03-17,11.7,11.9,11.6,11.65,2902585,631,34018783,2336,致伸,exchange
2006-03-20,11.75,11.9,11.25,11.3,5327955,1122,60870241,2336,致伸,exchange
2006-03-21,11.2,11.65,11.2,11.35,3712203,739,42190185,2336,致伸,exchange
2006-03-22,11.0,11.4,11.0,11.2,1915071,447,21529484,2336,致伸,exchange
2006-03-23,11.3,11.9,11.2,11.85,6487092,1357,75183230,2336,致伸,exchange
2006-03-24,11.85,11.9,11.5,11.6,5628006,1122,65751662,2336,致伸,exchange
2006-03-27,11.8,12.2,11.75,12.0,5096329,1230,61094367,2336,致伸,exchange
2006-03-28,12.2,12.2,11.9,12.05,4158262,1052,50102144,2336,致伸,exchange
2006-03-29,12.05,12.5,12.0,12.2,9688518,1820,119112134,2336,致伸,exchange
2006-03-30,12.4,12.5,12.15,12.2,7590367,1440,93562949,2336,致伸,exchange
2006-03-31,12.3,12.5,12.05,12.25,7894399,1532,96760109,2336,致伸,exchange
2006-04-03,12.35,12.85,12.35,12.55,7758631,1631,97847031,2336,致伸,exchange
2006-04-04,12.55,13.15,12.55,13.0,18979183,3170,244754479,2336,致伸,exchange
2006-04-06,13.7,13.9,13.35,13.9,29363597,5310,403783741,2336,致伸,exchange
2006-04-07,13.95,14.0,13.55,13.85,17979047,4095,248236123,2336,致伸,exchange
2006-04-10,13.8,14.0,13.5,13.65,11684555,2570,161428328,2336,致伸,exchange
2006-04-11,13.6,13.6,13.0,13.3,10829003,2635,143748279,2336,致伸,exchange
2006-04-12,13.2,13.75,13.15,13.7,8657255,2133,117481362,2336,致伸,exchange
2006-04-13,13.85,13.85,13.25,13.45,11334734,2348,152898268,2336,致伸,exchange
2006-04-14,13.7,14.3,13.5,14.1,23803680,4464,333821370,2336,致伸,exchange
2006-04-17,14.0,14.05,13.4,13.55,12473769,2768,170418073,2336,致伸,exchange
2006-04-18,13.4,13.55,12.65,13.15,17152237,3338,224556232,2336,致伸,exchange
2006-04-19,13.55,13.6,13.15,13.2,12983931,2942,173722071,2336,致伸,exchange
2006-04-20,13.2,13.35,12.85,13.0,7413330,1901,96613242,2336,致伸,exchange
2006-04-21,13.05,13.25,12.85,12.9,6484566,1577,84744121,2336,致伸,exchange
2006-04-24,12.7,13.25,12.5,12.9,9975797,2200,128641685,2336,致伸,exchange
2006-04-25,12.95,13.1,12.6,12.6,5507101,1365,70538809,2336,致伸,exchange
2006-04-26,12.7,13.1,12.7,12.95,5209143,1292,67429475,2336,致伸,exchange
2006-04-27,13.85,13.85,13.8,13.85,13690297,2046,189595773,2336,致伸,exchange
2006-04-28,14.3,14.3,13.5,13.7,23713348,3863,328953514,2336,致伸,exchange
2006-05-02,13.9,13.95,13.0,13.15,14132441,2755,189458443,2336,致伸,exchange
2006-05-03,13.2,13.5,13.2,13.3,8310365,1699,110747350,2336,致伸,exchange
2006-05-04,13.3,13.4,12.85,13.05,8061756,1899,105693815,2336,致伸,exchange
2006-05-05,13.2,13.25,12.65,12.7,9317255,2173,120137882,2336,致伸,exchange
2006-05-08,12.8,13.0,12.5,12.75,7538138,1648,95749278,2336,致伸,exchange
2006-05-09,12.7,13.1,12.55,12.65,6081618,1281,77948769,2336,致伸,exchange
2006-05-10,12.6,12.85,12.25,12.3,5643940,1444,70088301,2336,致伸,exchange
2006-05-11,12.05,12.05,11.75,11.85,10982851,2295,130315738,2336,致伸,exchange
2006-05-12,11.6,11.85,11.55,11.7,5757220,1343,67361893,2336,致伸,exchange
2006-05-15,11.7,12.2,11.7,12.1,4759842,1252,56712471,2336,致伸,exchange
2006-05-16,12.2,12.25,11.8,11.8,4417420,989,52922523,2336,致伸,exchange
2006-05-17,12.15,12.3,12.0,12.25,5366028,1283,65135780,2336,致伸,exchange
2006-05-18,12.05,12.35,12.0,12.35,4132710,997,50585205,2336,致伸,exchange
2006-05-19,12.35,12.65,12.3,12.45,3749857,1017,46814222,2336,致伸,exchange
2006-05-22,12.5,12.5,12.05,12.1,3696313,910,45250378,2336,致伸,exchange
2006-05-23,12.1,12.35,12.1,12.15,2235652,590,27222811,2336,致伸,exchange
2006-05-24,12.2,12.35,11.8,11.9,3145572,743,37644783,2336,致伸,exchange
2006-05-25,12.0,12.1,11.75,11.75,1701992,436,20187203,2336,致伸,exchange
2006-05-26,11.9,12.0,11.75,11.8,1645973,478,19552927,2336,致伸,exchange
2006-05-29,11.9,11.95,11.8,11.8,1663808,369,19730888,2336,致伸,exchange
2006-05-30,11.85,12.0,11.8,11.85,1770255,428,21040540,2336,致伸,exchange
2006-06-01,11.95,11.95,11.6,11.7,1789736,468,21072431,2336,致伸,exchange
2006-06-02,11.75,11.8,11.35,11.5,3322409,792,38159258,2336,致伸,exchange
2006-06-05,11.5,11.5,10.7,10.7,4013726,856,44095065,2336,致伸,exchange
2006-06-06,10.5,10.55,10.0,10.3,5489156,924,56434088,2336,致伸,exchange
2006-06-07,10.45,10.8,10.3,10.45,2795808,730,29332351,2336,致伸,exchange
2006-06-08,10.4,10.45,9.8,9.81,4058109,849,40628346,2336,致伸,exchange
2006-06-09,10.05,10.45,9.85,10.45,4185186,803,42407862,2336,致伸,exchange
2006-06-12,10.2,10.3,10.0,10.25,2113333,540,21396478,2336,致伸,exchange
2006-06-13,10.0,10.2,9.9,10.05,1792102,418,18064080,2336,致伸,exchange
2006-06-14,10.0,10.2,10.0,10.1,2087792,475,21101146,2336,致伸,exchange
2006-06-15,10.1,10.2,9.82,9.9,2819141,553,28178722,2336,致伸,exchange
2006-06-16,10.15,10.2,9.98,10.0,3419685,597,34418192,2336,致伸,exchange
2006-06-19,9.9,9.96,9.83,9.86,1479586,348,14650473,2336,致伸,exchange
2006-06-20,9.8,9.8,9.17,9.2,4660934,941,43500728,2336,致伸,exchange
2006-06-21,9.2,9.5,8.57,8.7,5501712,987,49431731,2336,致伸,exchange
2006-06-22,8.89,9.09,8.8,9.0,5784643,870,51702345,2336,致伸,exchange
2006-06-23,8.92,8.96,8.6,8.7,3111163,612,27312046,2336,致伸,exchange
2006-06-26,8.8,9.3,8.8,9.25,5176978,936,47442024,2336,致伸,exchange
2006-06-27,9.23,9.25,9.05,9.18,3586052,662,32934706,2336,致伸,exchange
2006-06-28,9.07,9.19,9.01,9.18,1576800,375,14359759,2336,致伸,exchange
2006-06-29,9.2,9.39,9.2,9.27,1572466,409,14576113,2336,致伸,exchange
2006-06-30,9.59,9.59,9.32,9.33,2602267,578,24432211,2336,致伸,exchange
2006-07-03,9.34,9.6,9.25,9.44,1700222,427,16030653,2336,致伸,exchange
2006-07-04,9.58,9.58,9.4,9.41,1478693,376,14030372,2336,致伸,exchange
2006-07-05,9.41,9.48,9.3,9.32,1962613,341,18384483,2336,致伸,exchange
2006-07-06,9.28,9.44,9.28,9.4,672655,214,6297637,2336,致伸,exchange
2006-07-07,9.4,9.46,9.32,9.32,916837,255,8613697,2336,致伸,exchange
2006-07-10,9.18,9.3,9.13,9.21,923978,207,8500166,2336,致伸,exchange
2006-07-11,9.21,9.3,9.2,9.28,1321500,270,12204198,2336,致伸,exchange
2006-07-12,9.49,9.9,9.36,9.71,4389006,1025,42686613,2336,致伸,exchange
2006-07-13,9.62,9.64,9.5,9.5,1360540,397,13003537,2336,致伸,exchange
2006-07-14,9.35,9.4,9.2,9.2,1562350,366,14464348,2336,致伸,exchange
2006-07-17,9.15,9.2,8.8,8.82,1527639,395,13654516,2336,致伸,exchange
2006-07-18,8.76,9.0,8.76,9.0,1019352,287,9077982,2336,致伸,exchange
2006-07-19,9.03,9.05,8.92,8.96,1364614,360,12267435,2336,致伸,exchange
2006-07-20,9.1,9.16,9.06,9.15,1540313,401,14019369,2336,致伸,exchange
2006-07-21,9.0,9.3,8.91,9.1,933600,283,8511229,2336,致伸,exchange
2006-07-24,9.04,9.25,8.92,9.21,1268300,385,11595819,2336,致伸,exchange
2006-07-25,9.3,9.3,9.13,9.14,774173,193,7143145,2336,致伸,exchange
2006-07-26,9.14,9.48,9.1,9.31,1484540,446,13816117,2336,致伸,exchange
2006-07-27,9.4,9.54,9.31,9.52,1623444,388,15352159,2336,致伸,exchange
2006-07-28,10.0,10.15,9.91,10.15,2984594,594,30142535,2336,致伸,exchange
2006-07-31,10.5,10.7,10.25,10.3,6398982,1345,66735205,2336,致伸,exchange
2006-08-01,10.3,10.3,9.95,10.1,2062432,507,20865520,2336,致伸,exchange
2006-08-02,10.0,10.8,10.0,10.75,5668838,1267,59784299,2336,致伸,exchange
2006-08-03,10.8,11.15,10.7,10.95,6604538,1380,71934128,2336,致伸,exchange
2006-08-04,11.15,11.3,10.9,11.05,4592484,1064,50874594,2336,致伸,exchange
2006-08-07,11.35,11.35,11.1,11.25,5470155,1040,61590332,2336,致伸,exchange
2006-08-08,11.3,11.35,11.0,11.1,4344137,803,48629907,2336,致伸,exchange
2006-08-09,11.1,11.25,11.0,11.2,2943169,701,32783217,2336,致伸,exchange
2006-08-10,11.45,11.6,11.3,11.45,6546189,1330,75021238,2336,致伸,exchange
2006-08-11,11.45,11.55,11.2,11.2,2669788,730,30190641,2336,致伸,exchange
2006-08-14,11.1,11.2,10.9,10.9,3312888,726,36475124,2336,致伸,exchange
2006-08-15,10.85,11.1,10.7,11.0,2654872,679,29050299,2336,致伸,exchange
2006-08-16,11.2,11.2,11.0,11.0,2584013,652,28766331,2336,致伸,exchange
2006-08-17,11.1,11.2,11.0,11.0,2140285,485,23738441,2336,致伸,exchange
2006-08-18,11.0,11.1,10.8,10.9,2075398,478,22543488,2336,致伸,exchange
2006-08-21,10.9,10.9,10.2,10.2,4147607,696,43299408,2336,致伸,exchange
2006-08-22,10.35,10.5,10.2,10.5,1612975,356,16690136,2336,致伸,exchange
2006-08-23,10.45,10.7,10.2,10.55,2898000,504,30325099,2336,致伸,exchange
2006-08-24,10.45,10.65,10.35,10.6,1957868,349,20670463,2336,致伸,exchange
2006-08-25,10.7,11.2,10.65,10.95,6280519,1079,68563375,2336,致伸,exchange
2006-08-28,10.8,10.8,10.45,10.55,2750899,562,29160889,2336,致伸,exchange
2006-08-29,10.85,11.0,10.65,10.85,2883322,601,31265407,2336,致伸,exchange
2006-08-30,10.95,11.05,10.9,11.0,3923628,780,43084786,2336,致伸,exchange
2006-08-31,11.0,11.45,10.9,11.4,7610052,1469,85806921,2336,致伸,exchange
2006-09-01,11.7,11.7,11.1,11.4,7821873,1635,88853056,2336,致伸,exchange
2006-09-04,11.45,11.6,11.25,11.3,6675884,1144,76391487,2336,致伸,exchange
2006-09-05,11.45,11.55,11.2,11.35,3657349,756,41574915,2336,致伸,exchange
2006-09-06,11.3,11.4,11.05,11.1,3364717,690,37640016,2336,致伸,exchange
2006-09-07,10.95,11.1,10.85,11.1,1767772,379,19403542,2336,致伸,exchange
2006-09-08,10.9,11.2,10.9,11.05,2397073,424,26487503,2336,致伸,exchange
2006-09-11,11.1,11.15,10.95,11.0,2461994,484,27242973,2336,致伸,exchange
2006-09-12,11.0,11.0,10.65,10.65,2388879,476,25893960,2336,致伸,exchange
2006-09-13,10.7,10.85,10.6,10.75,1977672,476,21171950,2336,致伸,exchange
2006-09-14,10.7,10.75,10.2,10.2,2874401,634,29798844,2336,致伸,exchange
2006-09-15,10.3,10.45,10.2,10.4,1818933,394,18804153,2336,致伸,exchange
2006-09-18,10.6,10.95,10.6,10.9,2011362,512,21638752,2336,致伸,exchange
2006-09-19,10.8,10.9,10.7,10.8,1433320,322,15481713,2336,致伸,exchange
2006-09-20,10.9,10.95,10.75,10.85,1271770,285,13795374,2336,致伸,exchange
2006-09-21,10.95,10.95,10.75,10.8,1651178,362,17889749,2336,致伸,exchange
2006-09-22,10.85,10.9,10.75,10.85,949417,303,10294029,2336,致伸,exchange
2006-09-25,10.8,10.9,10.7,10.8,1735939,394,18729735,2336,致伸,exchange
2006-09-26,10.8,10.9,10.75,10.85,1388890,285,14977104,2336,致伸,exchange
2006-09-27,10.9,11.2,10.85,11.2,4251074,913,47153261,2336,致伸,exchange
2006-09-28,11.5,11.5,11.2,11.3,6431691,1411,72914881,2336,致伸,exchange
2006-09-29,11.3,11.5,11.1,11.5,3382129,719,38294416,2336,致伸,exchange
2006-10-02,11.7,11.8,11.5,11.65,6204229,1244,72214137,2336,致伸,exchange
2006-10-03,11.85,12.15,11.55,12.0,11140808,2023,131694599,2336,致伸,exchange
2006-10-04,11.9,12.4,11.85,12.4,9465000,1601,114395833,2336,致伸,exchange
2006-10-05,12.5,12.65,12.2,12.3,8613725,1315,106919882,2336,致伸,exchange
2006-10-11,12.3,12.35,11.95,12.1,5307398,807,64356276,2336,致伸,exchange
2006-10-12,12.1,12.5,12.05,12.5,9399983,1511,115955574,2336,致伸,exchange
2006-10-13,12.8,13.05,12.5,12.5,13859112,2085,177719922,2336,致伸,exchange
2006-10-14,12.55,13.2,12.3,13.2,13799232,2614,177579930,2336,致伸,exchange
2006-10-16,13.5,13.95,13.3,13.3,23925552,4264,326064060,2336,致伸,exchange
2006-10-17,13.3,13.3,12.8,13.2,8150537,1661,106029368,2336,致伸,exchange
2006-10-18,13.0,13.1,12.8,13.1,4717319,977,61110197,2336,致伸,exchange
2006-10-19,13.0,13.2,12.9,13.05,4005278,842,52200435,2336,致伸,exchange
2006-10-20,13.1,13.3,12.9,13.3,5204308,991,68118693,2336,致伸,exchange
2006-10-23,13.3,13.4,13.0,13.15,11661378,1655,154483468,2336,致伸,exchange
2006-10-24,13.3,13.5,13.15,13.15,9669938,1843,128633625,2336,致伸,exchange
2006-10-25,13.15,13.25,12.9,12.9,4371501,924,56898597,2336,致伸,exchange
2006-10-26,12.95,13.05,12.7,12.75,5087643,1018,65540372,2336,致伸,exchange
2006-10-27,12.75,13.05,12.7,12.8,5691116,1149,73459562,2336,致伸,exchange
2006-10-30,12.6,12.8,12.6,12.7,2781296,474,35315822,2336,致伸,exchange
2006-10-31,13.0,13.2,12.8,12.85,7908293,1534,103035244,2336,致伸,exchange
2006-11-01,13.0,13.05,12.85,12.9,3596369,710,46456210,2336,致伸,exchange
2006-11-02,12.8,13.25,12.8,12.95,11414003,1860,149566074,2336,致伸,exchange
2006-11-03,13.1,13.1,12.9,12.9,5893329,1258,76692945,2336,致伸,exchange
2006-11-06,12.5,12.9,12.5,12.65,5870900,1043,74433786,2336,致伸,exchange
2006-11-07,12.9,13.0,12.65,12.7,6344547,1122,80916928,2336,致伸,exchange
2006-11-08,12.8,13.25,12.75,13.1,13292507,2739,174086763,2336,致伸,exchange
2006-11-09,13.3,13.6,13.0,13.0,11967106,2303,159881502,2336,致伸,exchange
2006-11-10,13.05,13.3,13.0,13.0,3731909,823,48981459,2336,致伸,exchange
2006-11-13,13.1,13.15,12.85,13.0,3389112,687,44024077,2336,致伸,exchange
2006-11-14,13.15,13.9,13.15,13.6,19378916,3492,263272931,2336,致伸,exchange
2006-11-15,13.7,14.25,13.55,13.55,23917409,4166,332728181,2336,致伸,exchange
2006-11-16,14.1,14.45,13.75,14.45,25330830,4525,359220849,2336,致伸,exchange
2006-11-17,14.6,14.8,14.1,14.15,24519220,4849,356395416,2336,致伸,exchange
2006-11-20,14.3,14.6,14.2,14.2,12134915,2316,174443934,2336,致伸,exchange
2006-11-21,14.5,15.15,14.1,15.1,19321366,3695,285440316,2336,致伸,exchange
2006-11-22,15.1,15.5,14.65,14.65,24798212,4217,373434029,2336,致伸,exchange
2006-11-23,14.9,15.3,14.7,14.8,12419956,2451,185214430,2336,致伸,exchange
2006-11-24,14.8,14.95,14.5,14.7,6157533,1414,90722103,2336,致伸,exchange
2006-11-27,14.9,15.2,14.65,14.8,11052064,2034,164869822,2336,致伸,exchange
2006-11-28,14.8,15.1,14.6,14.75,9388166,1613,139752963,2336,致伸,exchange
2006-11-29,14.8,15.1,14.4,14.4,11317186,2004,166543342,2336,致伸,exchange
2006-11-30,14.5,14.8,14.5,14.6,5913298,1269,86557306,2336,致伸,exchange
2006-12-01,14.6,14.85,14.4,14.45,6273244,1218,91921831,2336,致伸,exchange
2006-12-04,14.45,14.55,14.25,14.3,4130542,996,59303628,2336,致伸,exchange
2006-12-05,14.45,14.6,14.15,14.2,6125151,1226,88195412,2336,致伸,exchange
2006-12-06,14.2,14.4,14.1,14.2,4287824,1014,60945549,2336,致伸,exchange
2006-12-07,14.3,14.35,14.0,14.1,5031997,1053,71352908,2336,致伸,exchange
2006-12-08,14.0,14.3,13.95,14.1,5096650,921,71751300,2336,致伸,exchange
2006-12-11,14.3,15.05,14.3,15.05,14837660,2830,220312552,2336,致伸,exchange
2006-12-12,15.2,15.25,14.25,14.4,14174041,2893,209419416,2336,致伸,exchange
2006-12-13,14.4,14.5,13.85,14.05,10748193,1612,151791002,2336,致伸,exchange
2006-12-14,14.2,14.7,14.1,14.4,8188185,1312,117799531,2336,致伸,exchange
2006-12-15,14.6,14.8,14.5,14.65,8114465,1641,118820076,2336,致伸,exchange
2006-12-18,14.9,15.65,14.9,15.15,32907527,5508,504772722,2336,致伸,exchange
2006-12-19,15.0,15.2,14.75,14.85,10082045,1978,150413349,2336,致伸,exchange
2006-12-20,14.9,15.45,14.75,15.05,14675402,2642,221739885,2336,致伸,exchange
2006-12-21,15.1,15.25,14.6,14.75,6255444,1249,93305896,2336,致伸,exchange
2006-12-22,14.7,15.05,14.7,14.95,5149083,1104,76738369,2336,致伸,exchange
2006-12-25,14.95,15.1,14.8,14.8,4659902,1031,69548792,2336,致伸,exchange
2006-12-26,15.0,15.25,14.8,14.85,8888849,1602,133470546,2336,致伸,exchange
2006-12-27,15.05,15.5,14.9,15.2,13706455,2564,208624641,2336,致伸,exchange
2006-12-28,15.4,15.4,15.0,15.05,7084448,1164,107386927,2336,致伸,exchange
2006-12-29,15.0,15.25,15.0,15.2,6013391,1108,91104299,2336,致伸,exchange
2007-01-02,15.2,15.35,15.0,15.0,7006002,1270,106061208,2336,致伸,exchange
2007-01-03,15.1,16.05,15.05,16.05,28797073,4188,451978713,2336,致伸,exchange
2007-01-04,15.95,15.95,15.25,15.35,20599412,3232,321367565,2336,致伸,exchange
2007-01-05,15.4,15.65,15.2,15.3,11194774,1757,172533448,2336,致伸,exchange
2007-01-08,15.3,15.55,15.15,15.3,7582902,1370,116376691,2336,致伸,exchange
2007-01-09,15.5,16.35,15.35,15.95,24254018,4356,387401402,2336,致伸,exchange
2007-01-10,15.8,17.05,15.7,17.05,43177501,6920,721563067,2336,致伸,exchange
2007-01-11,17.4,17.8,15.9,16.25,60544709,11267,1042963173,2336,致伸,exchange
2007-01-12,17.35,17.35,17.0,17.35,51761640,6498,894948203,2336,致伸,exchange
2007-01-15,17.45,18.2,17.35,17.7,57500310,10758,1019675159,2336,致伸,exchange
2007-01-16,17.8,18.2,17.05,17.2,22536684,5291,394569473,2336,致伸,exchange
2007-01-17,17.1,17.3,16.75,16.85,12750037,3152,217165952,2336,致伸,exchange
2007-01-18,16.9,17.45,16.9,17.0,15732317,3345,269984049,2336,致伸,exchange
2007-01-19,16.7,16.9,16.45,16.6,14755915,3680,245057038,2336,致伸,exchange
2007-01-22,16.55,17.1,16.35,16.55,14713874,3053,246448414,2336,致伸,exchange
2007-01-23,16.35,16.7,16.35,16.55,7991711,1790,131751724,2336,致伸,exchange
2007-01-24,16.8,16.9,16.4,16.5,9832900,2085,163622594,2336,致伸,exchange
2007-01-25,16.6,16.65,16.1,16.15,8896309,1990,144974306,2336,致伸,exchange
2007-01-26,16.1,16.5,16.1,16.4,6796950,1665,111009417,2336,致伸,exchange
2007-01-29,16.6,16.65,16.15,16.15,3782184,1181,62011601,2336,致伸,exchange
2007-01-30,16.3,16.4,15.9,15.95,4993100,1337,80366781,2336,致伸,exchange
2007-01-31,16.0,16.35,15.7,15.8,8156921,1770,130374350,2336,致伸,exchange
2007-02-01,16.0,16.1,15.25,15.35,7230128,1703,112825106,2336,致伸,exchange
2007-02-02,15.55,15.6,15.35,15.4,5745949,1312,88810549,2336,致伸,exchange
2007-02-05,15.2,15.75,15.2,15.55,11012695,1943,171338503,2336,致伸,exchange
2007-02-06,15.75,16.15,15.75,15.95,11983936,2847,191209810,2336,致伸,exchange
2007-02-07,16.1,16.1,15.8,15.85,4848011,1364,77260215,2336,致伸,exchange
2007-02-08,16.0,16.0,15.7,15.7,4101696,951,64872571,2336,致伸,exchange
2007-02-09,15.7,15.85,15.5,15.55,3612166,926,56610870,2336,致伸,exchange
2007-02-12,15.55,15.75,15.5,15.55,2561019,725,39992491,2336,致伸,exchange
2007-02-13,15.65,15.75,15.35,15.45,3128674,774,48488518,2336,致伸,exchange
2007-02-14,15.5,15.55,15.25,15.25,4144775,1157,63759469,2336,致伸,exchange
2007-02-26,15.65,15.8,15.35,15.8,5300555,1184,82550105,2336,致伸,exchange
2007-02-27,15.8,16.65,15.6,16.45,17487653,3810,282870221,2336,致伸,exchange
2007-03-01,15.8,16.2,15.8,16.0,5931490,1447,94776682,2336,致伸,exchange
2007-03-02,15.85,16.35,15.7,16.2,9642742,1928,155491535,2336,致伸,exchange
2007-03-03,16.2,16.25,15.8,16.2,5109087,1185,82099742,2336,致伸,exchange
2007-03-05,16.3,16.8,15.8,16.2,25059282,5474,410735583,2336,致伸,exchange
2007-03-06,16.3,16.45,15.7,16.0,15342115,3153,247277690,2336,致伸,exchange
2007-03-07,16.15,16.25,15.8,15.8,10000388,2090,160113557,2336,致伸,exchange
2007-03-08,15.8,16.15,15.8,15.9,11940602,2197,190996953,2336,致伸,exchange
2007-03-09,16.0,16.1,15.5,15.5,8154036,2023,128055947,2336,致伸,exchange
2007-03-12,15.55,16.0,15.5,15.7,10283935,2063,161988220,2336,致伸,exchange
2007-03-13,15.7,16.15,15.6,15.95,9901921,2650,157542383,2336,致伸,exchange
2007-03-14,15.7,15.75,15.55,15.65,3884776,1027,60806085,2336,致伸,exchange
2007-03-15,15.8,15.95,15.7,15.7,5925162,1405,93721370,2336,致伸,exchange
2007-03-16,15.7,16.4,15.6,16.1,18627227,4180,298544572,2336,致伸,exchange
2007-03-19,16.3,16.5,16.05,16.15,16624387,2987,271176151,2336,致伸,exchange
2007-03-20,16.5,16.75,16.3,16.45,16706093,3588,276707111,2336,致伸,exchange
2007-03-21,16.55,16.9,16.3,16.55,18263134,3650,304207353,2336,致伸,exchange
2007-03-22,16.8,16.95,16.6,16.65,13344143,2624,223540406,2336,致伸,exchange
2007-03-23,16.65,17.2,16.45,17.1,22954552,3915,386153668,2336,致伸,exchange
2007-03-26,17.1,17.5,16.9,16.9,32933296,6267,567386811,2336,致伸,exchange
2007-03-27,16.95,17.1,16.45,16.5,12652056,2483,212325254,2336,致伸,exchange
2007-03-28,16.65,17.2,16.65,16.9,21376940,3722,362645918,2336,致伸,exchange
2007-03-29,16.9,16.95,16.7,16.7,6558613,1571,110140938,2336,致伸,exchange
2007-03-30,16.8,17.1,16.7,16.85,12316142,2541,208092414,2336,致伸,exchange
2007-04-02,16.9,17.1,16.5,16.6,7216075,1670,121190979,2336,致伸,exchange
2007-04-03,16.6,16.75,16.5,16.5,6532310,1358,108209974,2336,致伸,exchange
2007-04-04,16.7,17.0,16.65,16.65,9805833,1868,164786559,2336,致伸,exchange
2007-04-09,16.8,16.95,16.6,16.65,6398874,1242,106916846,2336,致伸,exchange
2007-04-10,16.65,16.7,16.05,16.35,7532892,1377,123581088,2336,致伸,exchange
2007-04-11,16.55,16.8,16.5,16.7,7012040,1467,116798640,2336,致伸,exchange
2007-04-12,16.7,17.1,16.7,17.0,8831419,1846,149536471,2336,致伸,exchange
2007-04-13,17.1,17.1,16.6,16.65,6023420,1313,101268537,2336,致伸,exchange
2007-04-14,16.75,17.7,16.75,17.5,39455957,6874,685810671,2336,致伸,exchange
2007-04-16,17.55,17.7,17.0,17.1,13923912,2642,241096939,2336,致伸,exchange
2007-04-17,17.35,17.65,16.6,17.3,46126999,6659,800161009,2336,致伸,exchange
2007-04-18,17.6,17.75,17.3,17.3,27407973,5032,480898644,2336,致伸,exchange
2007-04-19,17.3,17.4,16.8,17.0,9430465,1948,160982761,2336,致伸,exchange
2007-04-20,17.05,17.2,16.8,17.0,11723329,2454,199145004,2336,致伸,exchange
2007-04-23,17.1,17.2,16.8,16.8,7567580,1552,128387546,2336,致伸,exchange
2007-04-24,16.8,16.95,16.5,16.6,13210185,2731,220537538,2336,致伸,exchange
2007-04-25,16.6,16.75,16.5,16.5,5682943,1201,94348199,2336,致伸,exchange
2007-04-26,16.65,16.75,16.4,16.45,4662508,1179,77241190,2336,致伸,exchange
2007-04-27,16.5,16.55,16.35,16.35,3582071,893,58880900,2336,致伸,exchange
2007-04-30,16.4,16.5,16.0,16.0,4908484,1001,79709694,2336,致伸,exchange
2007-05-02,16.1,16.45,16.1,16.2,3358157,774,54831874,2336,致伸,exchange
2007-05-03,16.5,16.5,16.05,16.3,10551384,1232,171426085,2336,致伸,exchange
2007-05-04,16.4,16.4,16.3,16.35,2832390,676,46320495,2336,致伸,exchange
2007-05-07,16.4,16.6,16.35,16.35,5423898,887,89176673,2336,致伸,exchange
2007-05-08,16.4,16.45,16.25,16.25,3648407,646,59608508,2336,致伸,exchange
2007-05-09,16.3,16.35,16.25,16.35,1994093,463,32506559,2336,致伸,exchange
2007-05-10,16.35,16.65,16.35,16.55,5663889,1083,93558163,2336,致伸,exchange
2007-05-11,16.45,16.6,16.35,16.4,2985798,630,49125726,2336,致伸,exchange
2007-05-14,16.45,16.55,16.3,16.3,1817321,426,29795958,2336,致伸,exchange
2007-05-15,16.3,16.45,16.3,16.3,2039158,422,33367645,2336,致伸,exchange
2007-05-16,16.3,16.75,16.3,16.6,6989686,1548,116009538,2336,致伸,exchange
2007-05-17,16.7,16.75,16.4,16.4,3049683,785,50515501,2336,致伸,exchange
2007-05-18,16.55,16.75,16.55,16.55,5163497,1113,85932091,2336,致伸,exchange
2007-05-21,16.7,16.85,16.65,16.8,4836508,1180,81206960,2336,致伸,exchange
2007-05-22,16.95,17.25,16.9,16.9,11320904,2247,193432607,2336,致伸,exchange
2007-05-23,17.1,17.1,16.85,16.9,4250831,1004,72021628,2336,致伸,exchange
2007-05-24,17.05,17.15,16.8,16.8,6617833,1315,112417691,2336,致伸,exchange
2007-05-25,16.75,16.95,16.75,16.8,3336648,672,56195142,2336,致伸,exchange
2007-05-28,17.0,17.05,16.9,17.0,4466572,1132,75929445,2336,致伸,exchange
2007-05-29,17.05,17.35,17.0,17.25,13150917,2420,226085402,2336,致伸,exchange
2007-05-30,17.25,17.35,16.9,17.0,4158360,954,71030722,2336,致伸,exchange
2007-05-31,17.2,17.3,17.0,17.0,4880044,1056,83788232,2336,致伸,exchange
2007-06-01,17.15,17.25,17.0,17.05,6028635,1135,103017145,2336,致伸,exchange
2007-06-04,17.1,17.7,17.05,17.45,19951006,3753,349318329,2336,致伸,exchange
2007-06-05,17.5,17.5,17.2,17.2,7506370,1463,129848711,2336,致伸,exchange
2007-06-06,17.3,17.4,17.0,17.0,8631860,1398,148876460,2336,致伸,exchange
2007-06-07,17.0,17.4,17.0,17.3,7716246,1286,132819534,2336,致伸,exchange
2007-06-08,17.3,17.6,17.2,17.35,12839455,2245,224165456,2336,致伸,exchange
2007-06-11,17.5,17.7,17.3,17.35,12161447,2198,212769771,2336,致伸,exchange
2007-06-12,17.35,17.5,17.25,17.35,5767687,1190,99992469,2336,致伸,exchange
2007-06-13,17.3,17.7,17.25,17.35,18372881,2932,321796476,2336,致伸,exchange
2007-06-14,17.4,17.5,17.15,17.15,6678497,1258,115384089,2336,致伸,exchange
2007-06-15,17.4,17.45,17.0,17.0,7112330,1433,122244060,2336,致伸,exchange
2007-06-20,17.6,17.65,17.4,17.6,53529050,5557,942526946,2336,致伸,exchange
2007-06-21,17.6,17.7,17.6,17.65,37601743,3346,662726790,2336,致伸,exchange
2007-06-22,17.7,17.7,17.65,17.65,18847973,2641,333049591,2336,致伸,exchange
2007-06-23,17.7,17.8,17.7,17.7,10341170,1598,183157633,2336,致伸,exchange
2007-06-25,17.75,17.8,17.65,17.7,11160488,2415,197693328,2336,致伸,exchange
2007-06-26,17.7,17.8,17.7,17.7,6223095,1558,110248537,2336,致伸,exchange
2007-06-27,17.75,17.75,17.7,17.7,5563256,1227,98566438,2336,致伸,exchange
2007-06-28,17.75,17.75,17.7,17.7,8226105,1285,145754170,2336,致伸,exchange
2007-06-29,17.7,17.75,17.65,17.65,6818308,1640,120641244,2336,致伸,exchange
2007-07-02,17.7,17.75,17.65,17.7,3347781,933,59239000,2336,致伸,exchange
2007-07-03,17.7,17.75,17.65,17.65,4860301,908,85872422,2336,致伸,exchange
2007-07-04,17.7,17.75,17.65,17.65,4506732,981,79631322,2336,致伸,exchange
2007-07-05,17.7,17.9,17.65,17.8,17557128,3156,312548166,2336,致伸,exchange
2007-07-06,17.85,17.85,17.7,17.7,5519583,1366,97947443,2336,致伸,exchange
2007-07-09,17.75,17.9,17.65,17.7,12706866,2377,226459835,2336,致伸,exchange
2007-07-10,17.7,17.8,17.65,17.65,5509077,1210,97478763,2336,致伸,exchange
2007-07-11,17.65,17.85,17.65,17.65,4839138,1086,85812791,2336,致伸,exchange
2007-07-12,17.7,17.8,17.7,17.75,5690621,1145,101061149,2336,致伸,exchange
2007-07-13,17.85,17.85,17.7,17.7,6100759,1215,108333877,2336,致伸,exchange
2007-07-16,17.75,17.8,17.7,17.75,4933697,917,87584292,2336,致伸,exchange
2007-07-17,17.75,17.8,17.75,17.75,4702276,723,83503402,2336,致伸,exchange
2007-07-18,17.75,17.8,17.75,17.75,4766083,963,84660874,2336,致伸,exchange
2007-07-19,17.75,17.95,17.75,17.8,20622057,3001,369041125,2336,致伸,exchange
2007-07-20,17.9,17.9,17.8,17.8,6775201,977,120752043,2336,致伸,exchange
2007-07-23,17.8,17.85,17.75,17.75,6503421,1183,115596764,2336,致伸,exchange
2007-07-24,17.8,17.85,17.75,17.75,6057255,1177,107673861,2336,致伸,exchange
2007-07-25,17.75,17.8,17.75,17.75,5863474,927,104105846,2336,致伸,exchange
2007-07-26,17.8,17.8,17.7,17.7,6804301,1102,120599173,2336,致伸,exchange
2007-07-27,17.7,17.8,17.65,17.65,6705512,1043,118694679,2336,致伸,exchange
2007-07-30,17.7,17.8,17.7,17.7,2972860,548,52707402,2336,致伸,exchange
2007-07-31,17.75,17.8,17.75,17.75,2496567,526,44338005,2336,致伸,exchange
2007-08-01,17.75,17.75,17.65,17.7,6274018,843,111140040,2336,致伸,exchange
2007-08-02,17.75,17.75,17.5,17.6,7824378,797,137776401,2336,致伸,exchange
2007-08-03,17.7,17.7,17.55,17.6,2601735,528,45809748,2336,致伸,exchange
2007-08-06,17.55,17.6,17.4,17.4,2929191,387,51170609,2336,致伸,exchange
2007-08-07,17.45,17.6,17.45,17.45,1244168,320,21785417,2336,致伸,exchange
2007-08-08,17.5,17.6,17.45,17.55,922416,261,16156236,2336,致伸,exchange
2007-08-09,17.6,17.65,17.55,17.6,2104103,407,36996743,2336,致伸,exchange
2007-08-10,17.55,17.65,17.55,17.65,2449918,462,43138260,2336,致伸,exchange
2007-08-13,17.7,17.7,17.55,17.6,2535133,278,44643215,2336,致伸,exchange
2007-08-14,17.6,17.7,17.6,17.65,1858392,346,32816871,2336,致伸,exchange
2007-08-15,17.65,17.7,17.6,17.6,3043655,453,53718182,2336,致伸,exchange
2007-08-16,17.6,17.65,17.55,17.6,5646105,720,99412228,2336,致伸,exchange
2007-08-17,17.6,17.7,17.55,17.65,7542481,691,132963274,2336,致伸,exchange
2007-08-20,17.75,17.75,17.6,17.7,3927171,673,69524153,2336,致伸,exchange
2007-08-21,17.65,17.7,17.65,17.65,3426509,352,60490099,2336,致伸,exchange
2007-08-22,17.7,17.75,17.65,17.65,2232251,355,39517864,2336,致伸,exchange
2007-08-23,17.7,17.75,17.65,17.7,1398049,310,24757102,2336,致伸,exchange
2007-08-24,17.7,17.75,17.7,17.7,2049537,369,36316741,2336,致伸,exchange
2007-08-27,17.75,17.8,17.7,17.7,1546711,371,27441115,2336,致伸,exchange
2007-08-28,17.7,17.8,17.7,17.8,1545897,355,27442384,2336,致伸,exchange
2007-08-29,17.5,17.5,16.6,17.2,5828177,719,99950873,2336,致伸,exchange
2007-08-30,17.4,17.5,16.9,17.4,3573946,571,61695950,2336,致伸,exchange
2007-08-31,17.4,17.45,17.3,17.4,3068602,363,53408957,2336,致伸,exchange
2007-09-03,17.45,17.55,17.45,17.55,986337,256,17234218,2336,致伸,exchange
2007-09-04,17.55,17.6,17.45,17.45,1106928,229,19351291,2336,致伸,exchange
2007-09-05,17.45,17.45,17.05,17.1,3809944,502,65344591,2336,致伸,exchange
2007-09-06,17.05,17.05,16.1,16.5,1252544,402,20746280,2336,致伸,exchange
2007-09-07,16.75,17.45,16.75,17.25,2178964,1310,37346611,2336,致伸,exchange
2007-09-10,16.75,17.0,16.75,16.85,691909,340,11667871,2336,致伸,exchange
2007-09-11,16.85,17.0,16.7,16.7,884341,327,14854457,2336,致伸,exchange
2007-09-12,16.6,17.0,16.6,16.75,457055,228,7672485,2336,致伸,exchange
2007-09-13,16.9,17.0,16.8,16.85,337263,209,5679637,2336,致伸,exchange
2007-09-14,16.95,17.25,16.8,17.0,1115987,338,18924301,2336,致伸,exchange
2007-09-17,17.2,17.4,17.0,17.15,1806191,562,31082202,2336,致伸,exchange
2007-09-19,17.3,17.3,16.75,17.0,1476755,385,25061819,2336,致伸,exchange
2007-09-20,17.0,17.15,16.9,16.9,598215,186,10153986,2336,致伸,exchange
2007-09-21,16.95,17.05,16.9,17.05,813139,189,13814994,2336,致伸,exchange
2007-09-26,17.05,17.05,16.9,17.0,718157,163,12206733,2336,致伸,exchange
2007-09-27,16.9,17.1,16.9,17.0,847752,249,14428803,2336,致伸,exchange
2007-09-28,17.0,17.1,16.9,17.0,766594,176,13029525,2336,致伸,exchange
2007-09-29,16.95,17.1,16.95,16.95,1067521,213,18152182,2336,致伸,exchange
2007-10-01,16.95,17.05,16.9,16.95,911073,201,15473268,2336,致伸,exchange
2007-10-02,17.0,17.05,16.95,17.0,2205503,334,37488831,2336,致伸,exchange
2007-10-03,17.0,17.05,16.95,16.95,847411,242,14397698,2336,致伸,exchange
2007-10-04,17.0,17.05,16.95,16.95,664626,176,11294986,2336,致伸,exchange
2007-10-05,17.0,17.05,16.95,17.0,563820,156,9582795,2336,致伸,exchange
2007-10-08,17.05,17.1,16.95,17.0,575254,209,9790414,2336,致伸,exchange
2007-10-09,17.1,17.15,16.95,16.95,647049,148,10999563,2336,致伸,exchange
2007-10-11,17.0,17.35,16.95,17.0,812455,229,13889073,2336,致伸,exchange
2007-10-12,17.0,17.3,17.0,17.05,859862,225,14784497,2336,致伸,exchange
2007-10-15,17.05,17.2,17.05,17.05,378806,128,6491452,2336,致伸,exchange
2007-10-16,17.05,17.25,17.0,17.1,548830,141,9393710,2336,致伸,exchange
2007-10-17,17.1,17.2,17.05,17.15,786171,183,13458357,2336,致伸,exchange
2007-10-18,17.2,17.2,17.1,17.1,532594,174,9120248,2336,致伸,exchange
2007-10-19,17.1,17.1,16.95,17.0,570832,144,9727094,2336,致伸,exchange
2007-10-22,16.3,16.8,16.3,16.65,251935,112,4172621,2336,致伸,exchange
2007-10-23,16.75,16.9,16.65,16.7,234503,123,3917887,2336,致伸,exchange
2007-10-24,17.15,17.15,16.9,16.95,518257,190,8807914,2336,致伸,exchange
2007-10-25,16.95,16.95,16.6,16.8,429052,146,7166701,2336,致伸,exchange
2007-10-26,16.75,16.85,16.55,16.6,391679,156,6518852,2336,致伸,exchange
2007-10-29,16.65,16.8,16.6,16.65,240702,166,4010999,2336,致伸,exchange
2007-10-30,16.55,16.9,16.55,16.9,362570,150,6083716,2336,致伸,exchange
2007-10-31,16.95,16.95,16.65,16.65,334955,125,5597789,2336,致伸,exchange
2007-11-01,16.7,16.85,16.65,16.7,520571,159,8704266,2336,致伸,exchange
2007-11-02,16.6,16.8,16.6,16.7,366913,180,6137989,2336,致伸,exchange
2007-11-05,16.7,16.9,16.7,16.7,443150,143,7425474,2336,致伸,exchange
2007-11-06,17.1,17.1,16.9,16.95,689704,311,11720907,2336,致伸,exchange
2007-11-07,17.0,17.05,16.95,17.0,602301,265,10236602,2336,致伸,exchange
2007-11-08,17.05,17.05,16.9,16.95,929767,314,15772796,2336,致伸,exchange
2007-11-09,17.0,17.0,16.9,16.9,755815,214,12803958,2336,致伸,exchange
2007-11-12,16.95,16.95,16.6,16.7,1342597,332,22522831,2336,致伸,exchange
2007-11-13,16.8,16.9,16.8,16.85,626013,166,10546950,2336,致伸,exchange
2007-11-14,16.9,16.95,16.85,16.9,504661,155,8528265,2336,致伸,exchange
2007-11-15,16.9,16.95,16.85,16.85,736436,148,12439267,2336,致伸,exchange
2007-11-16,16.85,16.9,16.85,16.85,757893,151,12773737,2336,致伸,exchange
2007-11-19,16.9,16.95,16.85,16.9,1791491,154,30244635,2336,致伸,exchange
2007-11-20,16.9,16.9,16.85,16.9,1100966,151,18581119,2336,致伸,exchange
2007-11-21,16.9,16.9,16.85,16.85,241724,101,4074451,2336,致伸,exchange
2007-11-22,16.85,16.9,16.75,16.8,969866,114,16315148,2336,致伸,exchange
2007-11-23,16.85,16.85,16.75,16.75,811145,105,13627115,2336,致伸,exchange
2007-11-26,16.8,16.8,16.7,16.7,852982,133,14268787,2336,致伸,exchange
2007-11-27,16.75,16.75,16.45,16.6,1817979,226,30207741,2336,致伸,exchange
2007-11-28,16.7,16.7,16.2,16.25,1895518,246,31124656,2336,致伸,exchange
2007-11-29,16.45,16.5,16.25,16.3,1001438,136,16311260,2336,致伸,exchange
2007-11-30,16.4,16.95,16.35,16.8,1363566,349,22786449,2336,致伸,exchange
2007-12-03,17.0,17.35,17.0,17.35,4498504,701,77260276,2336,致伸,exchange
2007-12-04,17.2,17.2,16.95,17.0,1072907,681,18259863,2336,致伸,exchange
2007-12-05,17.0,17.05,16.85,16.9,1690853,967,28617846,2336,致伸,exchange
2007-12-06,17.0,17.15,17.0,17.1,2516043,1251,42926627,2336,致伸,exchange
2007-12-07,17.1,17.15,17.0,17.0,1617479,1087,27567887,2336,致伸,exchange
2007-12-10,17.05,17.15,17.05,17.1,1688955,648,28899887,2336,致伸,exchange
2007-12-11,17.1,17.3,17.1,17.3,1249298,629,21505262,2336,致伸,exchange
2007-12-12,17.2,17.35,17.2,17.3,1838891,731,31793371,2336,致伸,exchange
2007-12-13,17.3,17.4,17.3,17.35,1704456,661,29539161,2336,致伸,exchange
2007-12-14,17.35,17.45,17.35,17.4,1907762,682,33122402,2336,致伸,exchange
2007-12-17,17.4,17.45,17.35,17.4,1581639,547,27527919,2336,致伸,exchange
2007-12-18,17.4,17.6,17.4,17.6,3424223,706,59731805,2336,致伸,exchange
2007-12-19,17.6,17.65,17.5,17.6,2261478,712,39749841,2336,致伸,exchange
